LEI,0W2PZJM8XOY22M4GG883,2138008AVF4W7FMW8W87,2138009Y59EAR7H1UO97,213800DBQIB6VBNU5C64,213800HDJ876ACJXXD05,213800TC9PZRBHMJW403,213800X3Q9LSAKRUWY91,222100K6QL2V4MLHWQ08,254900RNFMDM0P11YR84,2W8N8UU78PMDQKZENC08,391200EEGLNXBBCVKC73,3H0Q3U74FVFED2SHZT16,3M5E1GQGKL17HI6CPN30,485100FX5Y9YLAQLNP12,5299007QVIQ7IO64NX37,529900GGYMNGRQTDOO93,529900HEKOENJHPNN480,529900HNOAA1KXQJUQ27,529900JG015JC10LED24,529900JZTYE3W7WQH904,529900ODI3047E2LIV03,529900OE1FOAM50XLP72,529900RWC8ZYB066JF16,529900S9YO2JHTIIDG38,529900SSGT49ZZSWYE62,529900SXEWPJ1MRRX537,529900V3O1M5IHMOSF46,529900W3MOO00A18X956,529900XSTAE561178282,5493000LKS7B3UTF7H35,5493001BABFV7P27OW30,54930056IRBXK0Q1FP96,5493006QMFDDMYWIAM13,5493007SJLLCTM6J6M37,5493008QOCP58OLEN998,5493009EIBTCB1X12G89,549300C6TUMDXNOVXS82,549300C9KPZR0VZ16R05,549300DYPOFMXOR7XM56,549300GKFG0RYRRQ1414,549300HFEHJOXGE4ZE63,549300L7YCATGO57ZE10,549300NYKK9MWM7GGW15,549300OLBL49CW8CT155,549300Q3OIWRHQUQM052,549300RG3H390KEL8896,549300TK038P6EV4YU51,549300TRUWO2CD2G5692,549300U4LIZV0REEQQ46,5UMCZOEYKCVFAW8ZLO05,635400AKJBGNS5WNQL34,635400C8EK6DRI12LJ39,635400L14KNHZXPUZM19,724500A1FNICHSDF2I11,724500JIWG886A9RRT57,7437003B5WFBOIEFY714,7CUNS533WID6K7DGFI87,7LTWFZYICNSX8D621K86,7LVZJ6XRIE7VNZ4UBX81,7V6Z97IO7R1SEAO84Q32,815600AD83B2B6317788,815600E4E6DCD2D25E30,851WYGNLUQLFZBSYGB56,95980020140005881190,96950001WI712W7PQG45,9695000CG7B84NLR5984,96950066U5XAAIRCPA78,969500STN7T9MRUMJ267,9CZ7TVMR36CYD5TZBS50,9ZHRYM6F437SQJ6OUG95,A5GWLFH3KM7YV2SFQL84,AT0000000000043000VB,B81CK4ESI35472RHJ606,BFXS5XCH7N0Y05NIXW11,DG3RU1DBUFHT4ZF9WN62,DIZES5CFO5K3I5R58746,DSNHHQ2B9X5N6OUJ1236,DZZ47B9A52ZJ6LT6VV95,EV2XZWMLLXF2QRX0CD47,F0HUI1NY1AZMJMD8LP67,F3JS33DEI6XQ4ZBPTN86,FR9695005MSX1OYEMGDF,FR969500TJ5KRTCJQWXH,H0YX5LBGKDVOWCXBZ594,J48C8PCSJVUBR8KCW529,J4CP7MHCXR8DAQMKIL78,JEUVK5RWVJEN8W0C9M24,JU1U6S0DG9YLT7N8ZV32,K8MS7FD7N5Z2WQ51AZ71,LIU16F6VZJSD6UKHD557,LOO0AWXR8GF142JCO404,M312WZV08Y7LYUC71685,M6AD1Y1KW32H8THQ6F76,MAES062Z21O4RZ2U7M96,N1FBEDJ5J41VKZLO2475,N747OI7JINV7RUUH6190,NHBDILHZTYCNBV5UYZ31,NNVPP80YIZGEY2314M97,O2RNE8IBXP4R0TD8PU41,P4GTT6GF1W40CVIMFR43,PSNL19R2RXX5U3QWHI44,R0MUWSFPU8MPRO8K5P83,SI5RG2M0WQQLZCXKRM20,TO822O0VT80V06K0FH57,TUKDD90GPC79G1KOE162,VDYMYTQGZZ6DU0912C88,VWMYAEQSTOPNV0SUGU82
0W2PZJM8XOY22M4GG883,0.9999999999999999,0.20833566953970525,0.7780894974002239,0.3865200236999877,0.40915010561604404,0.7438264746080201,0.5372208827929502,0.5240993903229345,0.9438391888289425,0.28826763289648505,0.9715476018432468,0.4982360183636412,0.9537823868164261,0.04499266708840328,0.795078617545993,0.9480061254629529,0.9513985200952182,0.9444734874403803,0.9670678951390265,0.9517813610371753,0.8651902862100743,0.9527344886316895,0.5181551602396788,0.9219989281214057,0.08216133891863144,0.9440910122532487,0.10865919443669994,0.3783377925913728,0.7914979276117354,0.37035776380606933,0.2744234714832809,0.49906308288279866,0.4583442560541265,0.4318392115334681,0.24182050435725547,0.14740841307735222,0.9204110869926703,0.18575643788712495,0.42863882567241507,0.827427775950464,0.271163584780053,0.2614919625626051,0.5560829874118386,0.1988839670969468,0.9340525419937556,0.12113537680631557,0.8280312457926188,0.5486972617855552,0.3086179219979115,0.3370235071531748,0.8035567126230302,0.8162062236919222,0.5109160669639725,0.5384059004649394,0.31787626873933794,0.939865582800925,0.4416718502204335,0.6101298232709818,0.841652609811092,0.8819496981055823,0.19102842177113905,0.27328907093571386,0.4402316508379757,0.20977853298449115,0.03755001201796159,0.8546899594714169,0.9512381912690248,0.7640502758139033,0.853975202091281,0.5664985746421112,0.5149961984402849,0.9124254700436547,0.9244943540021298,0.4955338433661165,0.26873857866089074,0.9766525329112311,0.9244132764764853,0.9455185095318362,0.9731509621689007,0.4502403256073163,0.8748109483881231,0.8949797557701203,0.7083788231981755,0.9462749691464244,0.41047383843370117,0.30065562212229396,0.44002859805166317,0.3640432666813553,0.29209113371294154,0.9596066123778622,0.34695882887163515,0.9584318315423366,0.33783666803676915,0.9015280777432108,0.2644280366293044,0.29081247472866256,0.9482313707690095,0.38133381713953746,0.5300062114147207,0.3207068572023163,0.38781820698944464,0.5017871639291129,0.4775473990256832,0.5990909216593582,0.9168229049746984,0.9695767755847067,0.5132757710751338
2138008AVF4W7FMW8W87,0.20833566953970525,1.0,0.7087254335976049,0.6607585246204719,0.8729035111518664,0.4130696933893214,0.8086360001836118,0.839342056684161,0.15548078842999474,0.8478532333996038,0.19909334640522133,0.8540851526634876,0.3350565986308881,0.33119500522054884,0.22253554975143067,0.15452593979036577,0.1538669463716047,0.41873784693005445,0.3595405023145568,0.2632984344022939,0.5915646424245611,0.25805501008134685,0.5787076540300153,0.4066545979378351,0.5889844668404787,0.28589244751783277,0.6014594342795794,0.8930612147936606,0.5963811613012219,0.8442899791379069,0.8737409342649557,0.8249299909215948,0.7844966664133218,0.8059734756068216,0.7629380251663825,0.1088823591318248,0.434598452157082,0.5861477756688345,0.7522810991903346,0.5956070405604574,0.09488079900239707,0.24176021192374167,0.7613180743465647,0.8905099261223528,0.39928384671053946,0.8535537750796116,0.656449204337027,0.799827484769678,0.6430104753532956,0.6209105204095273,0.5770546355962681,0.5993844909789078,0.6322355533534496,0.25699861156663323,0.5096066500018432,0.46932310821071066,0.7837143722306394,0.46472598571562684,0.5064818031324577,0.4741248588888476,0.8196462458183188,0.8627616649252703,0.7691507701665952,0.8634615937440544,0.5151851777722134,0.45910098058046656,0.29921110768661485,0.543210125816019,0.4588742431926057,0.769483341921413,0.6667925394752918,0.3949198494897512,0.4231134926855946,0.4943009478449237,0.8586205335707757,0.31417625510179553,0.3465578418933101,0.15123054266241795,0.17340270754320952,0.6358142445229259,0.48166825543722996,0.4515680454913333,0.7495097458157837,0.15185006272278678,0.8580338900052645,0.8808812513377335,0.7057375336635008,0.8630537573422689,0.8479343609658629,0.31456907787705585,0.9152692702321684,0.30672897915209885,0.7536885578100097,0.49888699267237324,0.7290555865539053,0.8540758921016122,0.22021009419965748,0.9245780865345719,0.6786486123395535,0.8297970143126429,0.5968508353930776,0.8196780059378203,0.7917857124121404,0.8206963081809372,0.2568820893580672,0.2997269654743183,0.8066949560675045
2138009Y59EAR7H1UO97,0.7780894974002239,0.7087254335976049,1.0000000000000004,0.6923249934737794,0.7901553417221361,0.6975403617221929,0.8579327435073782,0.8221071214457429,0.679913951918927,0.6896860779086361,0.7423015539930583,0.8654646494845951,0.8161845588374113,0.24656251778817898,0.7091069980437376,0.686865888730407,0.6844429260848715,0.8452028690771287,0.8278227462842808,0.7735005051669792,0.8958849962282129,0.753074007002107,0.7157278127813086,0.8183252596826008,0.5179905548976256,0.7742040662371936,0.384860621775736,0.7984381612136706,0.8702747020828212,0.7475576676807386,0.7029713767210872,0.823546116125682,0.8104260041843109,0.7697617926849315,0.6047794786942946,0.16387984978850947,0.8492022036130912,0.35915892580484104,0.8187841248277185,0.9424707519846279,0.3716708607856918,0.4343784760932515,0.834073655651506,0.6683090829239047,0.8567624811036908,0.6807021253589753,0.9411361917445258,0.8264559913103987,0.5706349936126011,0.6472999181447312,0.8615305503935635,0.8910781009126679,0.7464414593533827,0.5280623188796079,0.5650825008584343,0.8924119217404616,0.7731217697160926,0.6618003488964447,0.8616101085994349,0.8900832448794778,0.5689568894228678,0.643492201118524,0.6990931937249644,0.6745031472196994,0.44312981372480176,0.8567561451993476,0.8101459643696028,0.837448350817317,0.802032266106404,0.8575831922158554,0.776901456303983,0.8158455584648595,0.8338386542490982,0.6819431223539648,0.7363949743826828,0.8030251056984814,0.8235789763106107,0.6807026426883086,0.717102190691543,0.7218813160495794,0.8615715103028122,0.86357279277061,0.935374323510567,0.682659949093606,0.7559379418595851,0.6874976415004918,0.7579926445009239,0.7651244929335295,0.6813453683727332,0.7937397660952477,0.7300548908575539,0.7913090230123491,0.6943630677245888,0.8737882228633133,0.5499674841715391,0.6669272861849059,0.7233473337858457,0.7637670425232329,0.7734478646385826,0.7032296751755469,0.6333614795032014,0.8268513727923156,0.7909277800343996,0.893280982670881,0.8133516297515284,0.7927590347996163,0.8520914977987013
213800DBQIB6VBNU5C64,0.3865200236999877,0.6607585246204719,0.6923249934737794,1.0000000000000002,0.8445439968051954,0.35120418539270737,0.7607678220555781,0.7948459635305068,0.2258362918656708,0.8037411188724005,0.29255764411567936,0.7791383113090998,0.3778420833578265,0.30580448956807776,0.2965564709182597,0.22251351278812234,0.2177432528887335,0.5140083481184442,0.4345538164974967,0.313125651315628,0.5959762532707927,0.30146517926403277,0.7630671901569207,0.47373147610426297,0.5254128922725602,0.32649729758319596,0.5059385705595432,0.8357974710005426,0.5917145362873524,0.7892898466555895,0.8406440166840262,0.8465635811057325,0.7523091765908901,0.7465625146749472,0.6493604355625646,0.13768633314115697,0.3929496362544295,0.6139282990021946,0.501757500484434,0.6272547500427843,0.6120517732033668,0.2557093393416515,0.8341804006777952,0.7327558713362907,0.4470025709608026,0.7436060788743678,0.6818650008405444,0.7575985415925636,0.6493382399746261,0.9801208825536724,0.7551978076466145,0.5926105716138836,0.7986441166307112,0.48443219286924677,0.6367866643417192,0.5444164597626322,0.8421802857154816,0.4856771864649359,0.49446829556065447,0.45357514880248356,0.688178371081621,0.7269283305257014,0.7737370255922228,0.7558892690803739,0.45299766321776563,0.46662659592495875,0.3929358987207944,0.6584976629402067,0.39748439719336576,0.7543816702162915,0.6115423366574585,0.4448727947891602,0.47802580318530846,0.5535063675839759,0.5348456139854927,0.431966819218179,0.5352438926353061,0.21193074280669486,0.2593715940548836,0.6792275031794525,0.5911567423953911,0.49872883506820814,0.7333648085362702,0.21646006188641853,0.7638095558114905,0.7464316698060849,0.9860558685096461,0.8197786195716091,0.8348912337772225,0.36947602905142163,0.7735638292031938,0.3550018201303371,0.9793383098271115,0.5339394739543859,0.6647927831410828,0.7449909301751682,0.2688476681282208,0.7447891360659823,0.793953194306901,0.8051535984753849,0.6136182359382107,0.7787689746063584,0.8482461869146922,0.834808436717814,0.5580020487778861,0.46987952129943,0.7773036730498386
213800HDJ876ACJXXD05,0.40915010561604404,0.8729035111518664,0.7901553417221361,0.8445439968051954,0.9999999999999999,0.48539773592413427,0.9322027335034752,0.9407739177968426,0.3249634177900429,0.9540123399954095,0.386156780667262,0.9451101795608685,0.5035175007262396,0.37730082984177743,0.3879437596481831,0.3260185050000133,0.3244019469898245,0.6144877988299746,0.5385654328116499,0.4474070969321616,0.7403154978693246,0.4291439886540987,0.7218529776869931,0.5876357959578102,0.7218895414059227,0.46734097224843496,0.6836601071737015,0.979922938725215,0.7640080860087342,0.9734630759089037,0.9765936630142136,0.9437605032274694,0.9392854580722244,0.8340033172710912,0.8694821594432016,0.12949901046339193,0.5495158428136933,0.6259215005833433,0.6826706621014118,0.7225115709483237,0.29507874024314595,0.35988735854769505,0.9521495251841905,0.9372129514962061,0.5421030353225486,0.865688181966538,0.8141608659739911,0.9503173881152057,0.7157880820761046,0.8106341130699863,0.7428752195602273,0.722199721109728,0.7866420952288543,0.39163185068962214,0.6594675091293327,0.6519541718406601,0.9115931836567603,0.6205202596736744,0.6761823620139297,0.5470261849052203,0.8944984214407111,0.9208360737414893,0.9030005243913696,0.8775936401891158,0.6426129681702825,0.6028300200451618,0.49827463717852044,0.7400488871672026,0.579179099670057,0.9373111370159363,0.7853579743946628,0.5525317110835251,0.6199241363433025,0.599313025505578,0.6768967833512635,0.5170140480867761,0.5374438718140466,0.3212051153254219,0.3498044761642447,0.8048876059760668,0.6864019176657797,0.6361395735774187,0.8626861982523826,0.32328387606110487,0.9624130454000984,0.9519131918587315,0.8975617898717305,0.9791881088718333,0.9577008713277543,0.4916818753478352,0.9476473548821478,0.48218198969342174,0.8837027467210612,0.6767440197549115,0.8437897327856383,0.9314785008539842,0.3881475969101256,0.9580100176537127,0.8669647762165416,0.9532622072650608,0.7372097661770692,0.961775277047527,0.9304381837294702,0.9577596455235025,0.4996359212924579,0.48081897478791596,0.9423762004577864
213800TC9PZRBHMJW403,0.7438264746080201,0.4130696933893214,0.6975403617221929,0.35120418539270737,0.48539773592413427,1.0,0.5691167184562549,0.6511526502717371,0.7841096343292256,0.3471499074560222,0.7917059385499876,0.526329304566722,0.7878893853790465,0.10482792854046621,0.6477236361118872,0.7710730179934164,0.7744551218455791,0.7503896709362664,0.8159158803271643,0.8198108508821788,0.7500547225528125,0.8231248737621463,0.6889725035372638,0.7956925798270822,0.15171100972946666,0.8152109168346062,0.20558641582580836,0.4232379619727256,0.7766784239567427,0.40997294734190487,0.3542625685858257,0.5685574513422018,0.4808136699070742,0.5181551752740232,0.3174918256712525,0.16811623656968674,0.8713015114181625,0.059069542942612345,0.643547230065954,0.7822785506262134,0.10722747560301889,0.34496609033136066,0.4542111331348845,0.35361539720535584,0.8518443182925219,0.2853774392970428,0.7764760847863301,0.5506406889159252,0.4269256624301625,0.23171203645999516,0.6868931009232915,0.6972091807937715,0.6794673790011388,0.3433864833653623,0.20128579076712572,0.7815319130962222,0.49946191046448835,0.5557621242964985,0.856580603273172,0.8014352342880936,0.21750161048508868,0.36376531660103356,0.3576557169438017,0.290396319466681,0.10402216035673532,0.7947210110227537,0.8251123057213685,0.687260410444167,0.9199831586669327,0.5407677540331831,0.6569770151838906,0.8963312119005634,0.7686705198187084,0.45660770587699784,0.25653230978940444,0.7552012733370592,0.6596352658836688,0.7747502208372488,0.7794923609272911,0.3864541986713895,0.711229398191544,0.8124756553144218,0.6267236773867481,0.7754095692767289,0.4899208792669409,0.38082876827938394,0.4067343884704765,0.47966593788058604,0.3099150766016573,0.785956892055056,0.5231066709927308,0.8001075724206871,0.3673488520161172,0.7604452635416166,0.2281367282180633,0.3664953738758715,0.8077591838363138,0.5225759061387073,0.44601443712900724,0.30646928097390647,0.38751087893036645,0.5026499752946846,0.515717779795935,0.6485504315748102,0.7188269926643234,0.7101004137164355,0.6016519895239032
213800X3Q9LSAKRUWY91,0.5372208827929502,0.8086360001836118,0.8579327435073782,0.7607678220555781,0.9322027335034752,0.5691167184562549,1.0,0.9584449725458073,0.4576713537922771,0.923437183215908,0.5349744421849675,0.9709805520827921,0.6402633836408699,0.4102646769067512,0.5768523847258864,0.4780497178862734,0.4630933898304055,0.7206907172991935,0.6598811524367082,0.5859455178949787,0.8308216622715497,0.5651228293191098,0.7162665233123577,0.7141219842950413,0.6717051917581233,0.6098187738401165,0.6105714704862765,0.9381415791159465,0.8658505853396093,0.9416275232977813,0.9016492037758289,0.9603380752204018,0.9291256197609075,0.8744439452120328,0.8366054136187266,0.23081890676919511,0.6630190024352004,0.5573468125692549,0.7974068164603453,0.8242206158122102,0.2572546411798947,0.5243013928319603,0.9322074542739981,0.902768825755968,0.6655997093991978,0.8340971896948447,0.8923362084926004,0.9661593388444856,0.7794722181322631,0.7215088726434851,0.7880470543733369,0.8175740033248502,0.7681616006542399,0.508835868275334,0.7039890049201902,0.7648053011834334,0.9338843676351045,0.7705740045420008,0.8029852939435356,0.660965041318701,0.832162888609486,0.8806603246375214,0.8820373319783685,0.8750268456569279,0.5814939292272285,0.7768790810883349,0.6452287386193053,0.8571642292884042,0.7006074119440501,0.9659392764498018,0.9194832421134309,0.6558715394875443,0.7397101044070805,0.7326065241902764,0.6833299003464866,0.6394724188373019,0.6417526424919062,0.4602447735809407,0.4996921871591218,0.8620334822629199,0.8119015625074537,0.7779597685130314,0.9322691545815828,0.45997830755375857,0.9484568766508348,0.909573599634328,0.8255822080546564,0.9369688697726856,0.9003701957103974,0.6102395612357558,0.8917611893308932,0.608125432998429,0.80290150826248,0.789785948578382,0.8133450271686278,0.9017975881719507,0.527094043697226,0.920881567215401,0.893619817992394,0.8995984135579226,0.8322540826986554,0.9746226593051143,0.9393587517379496,0.9710380131321639,0.6158018655958608,0.5957219247023384,0.9640913345220002
222100K6QL2V4MLHWQ08,0.5240993903229345,0.839342056684161,0.8221071214457429,0.7948459635305068,0.9407739177968426,0.6511526502717371,0.9584449725458073,0.9999999999999999,0.47035467906069184,0.9215765907601623,0.5283735468355973,0.9464284618101758,0.6315216583600501,0.3658971686045892,0.5569829464836877,0.4702651873410045,0.4657498569259982,0.7051746431526092,0.66103051725522,0.5795955859972689,0.8328980224149044,0.5681490145864183,0.7750750836880645,0.708462510964307,0.5744456890598469,0.6073271511718955,0.6474434772883778,0.922815864899507,0.8711611368467135,0.9337912707528201,0.8994267343560419,0.9692636650792411,0.8873501369342326,0.868292217891531,0.7998064661198506,0.200381777389139,0.6761780376714801,0.592317449730906,0.7640520398807621,0.8053381557539908,0.24617447631302222,0.463034796639572,0.9061939520513725,0.8976519791076439,0.6707367968608571,0.7918555162433949,0.891263276295482,0.9578740016384483,0.7992341665285048,0.7220810733827238,0.7879338148331525,0.8249293523654628,0.8393260907970586,0.42821849870936635,0.6809341405238073,0.7428884624162289,0.9415571243690838,0.7420601933647153,0.7994716395241112,0.6592925769183706,0.8381683098924251,0.9123360163864714,0.880002266561242,0.8661072842120505,0.47500161555984644,0.7460648392376813,0.6373016591992187,0.8413437805386212,0.7267149281987272,0.9322076218572153,0.8612179765151536,0.6903419558375139,0.7361074012576097,0.6847189489019953,0.6434944930045201,0.6303197631844593,0.6015839797891144,0.4632016503889353,0.49454238664851274,0.8436536221322981,0.7857555229167469,0.7593125192564321,0.9026963166095067,0.46409984706717367,0.9594401000958962,0.9234007048183237,0.837125122485539,0.9466519491061729,0.8977957482585106,0.6072673939604074,0.9522315400937421,0.603476703426384,0.834773557499788,0.7833409987811402,0.8229822095406497,0.9199469893461335,0.5348456733764536,0.9550459826894019,0.8530042507601804,0.8953672667290791,0.8096940209970421,0.9560187122602517,0.9419213170392455,0.9771703320352496,0.5974749053100652,0.5732618837775691,0.9517553131348305
254900RNFMDM0P11YR84,0.9438391888289425,0.15548078842999474,0.679913951918927,0.2258362918656708,0.3249634177900429,0.7841096343292256,0.4576713537922771,0.47035467906069184,1.0,0.189367615550722,0.9869883324631151,0.42061091647570525,0.9696517204800185,0.02585152442232717,0.7542035467448464,0.9942436892960691,0.9973626340612906,0.90534043495117,0.9611839061285494,0.9828230505993115,0.840746622749984,0.9894012926936808,0.49349182615502235,0.9045210903881906,0.03567504780190365,0.9768576660439109,0.06887860294298798,0.27442978606834373,0.7802769253436509,0.2946748203633865,0.16179082664389008,0.4078448494052818,0.3943348926428338,0.2733107159942195,0.15591624979642654,0.1258494683960465,0.9436836237912452,0.02293785693838873,0.3881791244049474,0.741341719711804,0.1353449028524145,0.2270974858803574,0.43535845125947903,0.12323055673633865,0.9113936694078358,0.02508160914471446,0.757183744232865,0.4880513730707975,0.219942930504897,0.14170690173257902,0.6741574551476652,0.7828452923289437,0.49455698099101975,0.3260837326172958,0.15800685871878473,0.8925734310108372,0.33361645603868206,0.5960338668380855,0.8464634019000705,0.882207311245464,0.14495663812406148,0.21246316693605677,0.323509728436237,0.13752498605821425,0.01211035572228178,0.8554169411287533,0.9548499078621425,0.675812249659144,0.872312113436456,0.5037434132785197,0.4416166422522852,0.9408999789758464,0.91193339459399,0.42224108233159185,0.21201845177789294,0.9464677296957293,0.7844538474548699,0.9989262510656303,0.9827782191772859,0.3432113390006303,0.8245279648477993,0.8866842442146486,0.6379420110538465,0.9988616898937719,0.35486253434053217,0.24950944493012386,0.29759758121459673,0.31028130734617565,0.18200070987782085,0.9789168726544614,0.3171971195846316,0.9816051521716469,0.17359211586930898,0.8908715635350845,0.19028042869104805,0.22622531095449291,0.9957099729822128,0.3442776138336903,0.41618507859002607,0.21908289548453574,0.2852552454036844,0.42229230221912123,0.37099911294604543,0.5163162166736511,0.833656813087373,0.8758172170839235,0.43579882952356686
2W8N8UU78PMDQKZENC08,0.28826763289648505,0.8478532333996038,0.6896860779086361,0.8037411188724005,0.9540123399954095,0.3471499074560222,0.923437183215908,0.9215765907601623,0.189367615550722,0.9999999999999999,0.27128748074576425,0.932580981125827,0.3958799546951025,0.3837740954149414,0.35962614170551965,0.1961551582803256,0.19161406668243844,0.514693133054427,0.4237494231340463,0.3188898245490196,0.6622808927902479,0.3017634491926172,0.5924891605372513,0.4885539017239231,0.6630437146003004,0.35944833526717046,0.7512451539237951,0.9589415622750886,0.7184232622133887,0.9824363056684581,0.9701901875653366,0.9239130825391746,0.8843573746127578,0.834749487311516,0.8877144486885874,0.14453922275785616,0.4119150901693249,0.7356667661083136,0.6381716175308948,0.6483654732112833,0.222473349837371,0.4676866010538283,0.9261884751110689,0.9515830490301473,0.4125561836908642,0.8732132180497457,0.7311035663798429,0.9442407819866758,0.7640813209275573,0.784231732358971,0.6634743245946358,0.6566490438946472,0.6892951055583325,0.4187966609074547,0.7486276386791315,0.5531888679501468,0.9168823508169639,0.6181328781245903,0.6025653403727211,0.40982392323737565,0.9404419101265715,0.9701552065955334,0.9440170194552454,0.9102105835246276,0.5628431736060886,0.5266656675334803,0.3967900150310774,0.7326267204384045,0.4642385146200335,0.9208462955397845,0.7689665187855806,0.4141927441972657,0.5474516270146136,0.6012566935360356,0.6618904438671217,0.4178518814871538,0.46227334870849623,0.18781072619197334,0.23053529929250838,0.8743057024686284,0.6314939639453417,0.5421980671864529,0.8178145249646198,0.18880180351194736,0.9659747747621981,0.9679940522559322,0.839202774601064,0.9433744553353787,0.9758278471087912,0.3677105179420707,0.9220258826006503,0.35722990819069633,0.8501815911372286,0.6023919525550007,0.9337944017475728,0.9792564544717866,0.26058181493229843,0.9355088584671298,0.8428466738772492,0.9723828909119001,0.860735900713404,0.9529879029585133,0.9180017847766552,0.9031758355883893,0.40251302557205015,0.381434117780622,0.9176995482289853
391200EEGLNXBBCVKC73,0.9715476018432468,0.19909334640522133,0.7423015539930583,0.29255764411567936,0.386156780667262,0.7917059385499876,0.5349744421849675,0.5283735468355973,0.9869883324631151,0.27128748074576425,1.0,0.49379870298122835,0.9851136037412195,0.05081047644918435,0.8032515914723456,0.9881974176285218,0.9901897553688547,0.9367206462940647,0.9803556379550789,0.9909525884577111,0.8729789314185976,0.9925911863391628,0.507279193019729,0.9315270025925664,0.08220050388702549,0.9898730778484587,0.11644278159786285,0.3447312889547589,0.8332939280323808,0.36607607104042317,0.23504252711789297,0.47322274068224834,0.45432972943884564,0.3595126528666583,0.23372702712624221,0.14950461952569274,0.9540025992961242,0.09375825217905209,0.4518515212711242,0.8162504680838665,0.18074438631001669,0.3324944273502555,0.5107819781404007,0.19006321144191823,0.9377133746187645,0.10686486134233333,0.8119470226103779,0.5554024576462835,0.2858383051239121,0.22049155276731125,0.7354391246182186,0.8143929294888692,0.5231802463925967,0.4245305331938301,0.2547832026292754,0.9327467844329299,0.4052938840303348,0.627494838886816,0.8919214710735075,0.8980649050666196,0.194156218318928,0.2753353823787706,0.4002754834870819,0.19481136690869535,0.04339149116606076,0.8914511049651554,0.9833420353902214,0.7516093995604853,0.8959915562273608,0.5758447734314952,0.5249395211627124,0.9492455915588985,0.9474594493965853,0.4784359074453595,0.2516873950771375,0.9750347140143125,0.8518682328787214,0.9883772647363649,0.9933999529339888,0.4383057165328587,0.8721236907663135,0.9180163001711322,0.6969202270303319,0.9883674307557798,0.41473587963735825,0.30403293861883746,0.36215969475083654,0.36352508038251236,0.24955594613307874,0.9855205899903849,0.35555638461238237,0.9886255576890473,0.2429747219262304,0.9243109260543143,0.25561445088751567,0.2943161714535251,0.9909945663651625,0.3899600452126935,0.4838014339445053,0.2873802627525973,0.3954982653438551,0.48991338914602284,0.4379621291309561,0.5802024215938836,0.8904318677165147,0.9202379713799747,0.5145612015517039
3H0Q3U74FVFED2SHZT16,0.4982360183636412,0.8540851526634876,0.8654646494845951,0.7791383113090998,0.9451101795608685,0.526329304566722,0.9709805520827921,0.9464284618101758,0.42061091647570525,0.932580981125827,0.49379870298122835,1.0000000000000002,0.6116983364569444,0.4947747163444913,0.570331488296265,0.42411370135827575,0.4213519318859236,0.7052963997399712,0.6236710960444592,0.5466826075827966,0.803698981374344,0.5273039719029778,0.6832554082915904,0.6657970649867291,0.6849744168671928,0.5738973882309787,0.6163230004430271,0.9620536397820316,0.8511299400741721,0.9495729377170088,0.9155059215703377,0.9413480694678479,0.9554864378491165,0.8456215964719699,0.8319606825340786,0.3059333386883473,0.6358497617981401,0.5788986664619843,0.7906243709852033,0.8110603881058642,0.2537350581235659,0.5216867024396842,0.9303922379932866,0.902740040280082,0.6222923707462621,0.878715020787787,0.8632151604306761,0.9656618450037655,0.7183698563341886,0.7417817986376029,0.7689478296583028,0.8090723598614841,0.7731305319800797,0.455838223701688,0.6996059839386428,0.7305091100270102,0.9110939453040932,0.7142681258023647,0.7750457953663746,0.6474207674246231,0.855769405730577,0.8957544237651572,0.8962469100881438,0.8807463030413013,0.5944645603494196,0.7518139351250704,0.6057139642062804,0.8204293354783037,0.6602402825822101,0.9675811561967864,0.8278838738283208,0.6251453058062106,0.7119404453834207,0.6661682256301229,0.7554656805553376,0.5996519441455863,0.6185324770340771,0.41944870676466456,0.4530018748165412,0.8769392779192968,0.7672819872977444,0.7257638408104022,0.9293838448884485,0.42086554119685754,0.9548682491450988,0.9296526799118793,0.8347564065803216,0.95045100106504,0.9150807383556436,0.5792485307555413,0.9126604942849501,0.5733424097900859,0.8106385491359395,0.7634532748679911,0.8191927612202518,0.9232652873550171,0.48918875263949113,0.9360195926871915,0.905868154324864,0.913050504762546,0.8227120425981381,0.9697053804691407,0.9152814296189619,0.9651876674768728,0.5833501210296748,0.5586197976076435,0.969338440268828
3M5E1GQGKL17HI6CPN30,0.9537823868164261,0.3350565986308881,0.8161845588374113,0.3778420833578265,0.5035175007262396,0.7878893853790465,0.6402633836408699,0.6315216583600501,0.9696517204800185,0.3958799546951025,0.9851136037412195,0.6116983364569444,0.9999999999999998,0.11050433343917329,0.815069481819037,0.969675955163037,0.9703571597765044,0.9605324684447352,0.9915417332669387,0.9894805754326342,0.9311832215477097,0.9881298140139535,0.5607601336056222,0.9482853015361369,0.19029505086451562,0.993264586663197,0.20618077643062063,0.47045999939820465,0.8919700595333799,0.49045882060311197,0.35879268552131816,0.5788157336654614,0.5663598534946549,0.4475138992008819,0.3390693974135351,0.15658195148937915,0.974013361207065,0.17517588731332379,0.5364158738540894,0.8584670935595717,0.18963710066266265,0.36088020574136553,0.6131279177290295,0.32421773262682724,0.9481325019265496,0.23944762389561688,0.8742375302715524,0.6630068652143334,0.3671078685065845,0.3032069913227193,0.7727609572638571,0.8860629745802251,0.5912969828688954,0.4204259702601238,0.3355705801267332,0.961041703213057,0.509985420542503,0.6874094425817684,0.9280593356573755,0.9302256673539022,0.33351914102041214,0.4039440975023464,0.507342022737721,0.3355849052242795,0.14179184719474117,0.9281249938256895,0.985442395996878,0.7989293372789311,0.9091951450258299,0.6814503636694428,0.591350542608194,0.9595463652904299,0.9744615298167424,0.5415826298511716,0.3854392701133058,0.9778632337471052,0.8525630092547463,0.9709372904265325,0.9702425350968398,0.5373477371444105,0.9139836844545078,0.9496873306597733,0.7892126492165255,0.9710001772994229,0.5369423551085021,0.4367117649359241,0.45434562423560637,0.48813691902242506,0.37650702592044255,0.9942295816334464,0.48049892303817243,0.9949140598372801,0.3377132312747785,0.96835111398671,0.3734643071054767,0.4224995873336944,0.9832024287739477,0.5170331246580212,0.5745704633079071,0.41719487406653744,0.4768372100863594,0.6061067109067088,0.5404018047966024,0.678944545482798,0.8832668275511635,0.909703593321338,0.6157963328919812
485100FX5Y9YLAQLNP12,0.04499266708840328,0.33119500522054884,0.24656251778817898,0.30580448956807776,0.37730082984177743,0.10482792854046621,0.4102646769067512,0.3658971686045892,0.02585152442232717,0.3837740954149414,0.05081047644918435,0.4947747163444913,0.11050433343917329,0.9999999999999998,0.3206600001320018,0.027780002229071902,0.024887648802314977,0.27763564742313596,0.11502480650915985,0.09785647423514114,0.20358790054524986,0.09702086128210723,0.25518327053853945,0.20639491835220916,0.39603783454846997,0.09571083026096976,0.27428608933044596,0.4115255655463122,0.27333631290744165,0.3752838004266338,0.3874514625584214,0.3589863089116043,0.5566813399447554,0.33201219215588446,0.35887037429481194,0.9196087667156309,0.12837003887287493,0.191609629913079,0.33217995058980326,0.20419384108337063,0.05785756313769475,0.16486406263545494,0.34733335467592324,0.3901300515346294,0.10550008805347086,0.43439830187841866,0.25139440151774267,0.35975310740857447,0.2590806611970257,0.30977637589417073,0.2699673581946459,0.2834526246083458,0.28665821181988543,0.08144058971673211,0.40480619565829795,0.16322604885649966,0.3688514631730665,0.3928780178395581,0.25056278932157017,0.1162057247560942,0.37688161705910045,0.3540459419572074,0.3885357910261734,0.3654857718376776,0.36756092875651725,0.38562949284376324,0.10401834269520559,0.23354782424311862,0.23157404824836259,0.34930806823362054,0.311227919457139,0.13280647675316803,0.19352471486131356,0.19325879307555488,0.25290655548424634,0.10828037953949728,0.12123947082857414,0.0248743513742366,0.03138715720089558,0.38901029032825496,0.18986960158513533,0.1906771523804592,0.31272796552752113,0.025223555686949988,0.40474941933812353,0.4305192755130486,0.3163662362020423,0.45663594650668704,0.4306935416166463,0.10260548232889444,0.3668312791139684,0.09407561437468936,0.32828857352440466,0.1842703995604169,0.31733562447223673,0.40921653828209736,0.07642548275982292,0.3723841049675309,0.637368515820964,0.38134620742852354,0.291677146118861,0.3992945472456909,0.35306506237158625,0.38238358243792747,0.09176985029508017,0.0837350504981166,0.403734110673016
5299007QVIQ7IO64NX37,0.795078617545993,0.22253554975143067,0.7091069980437376,0.2965564709182597,0.3879437596481831,0.6477236361118872,0.5768523847258864,0.5569829464836877,0.7542035467448464,0.35962614170551965,0.8032515914723456,0.570331488296265,0.815069481819037,0.3206600001320018,0.9999999999999997,0.7538130799528037,0.7530298070475943,0.7952870888904543,0.8002547682203391,0.8143584557790555,0.7361322494484194,0.7892385614569528,0.4325775246107634,0.7768579696372737,0.2109816885032947,0.817930976633914,0.24107869019123784,0.3884770630977464,0.782688238207634,0.4229220137730938,0.28100860586881443,0.4824002131675202,0.5353452617380866,0.432510304541205,0.2668291366617576,0.3904622544158915,0.7800289307534213,0.10544578065799616,0.5909103014475924,0.7657227868249873,0.1419052313746402,0.5700315334295609,0.5302897466670705,0.29335754029394384,0.7833150868930008,0.25682177459062566,0.7771233514162458,0.5608750338148025,0.330691855420151,0.2218774776572541,0.6290690867906044,0.8313809815402686,0.5057285805172844,0.36377260900810143,0.582518559792368,0.7665288301848033,0.473778713936196,0.6305024346244334,0.8220663568157901,0.7348508618940967,0.25614371252371215,0.35035389882946566,0.4297002294595364,0.2819203897036482,0.11436074219725526,0.8609997324149548,0.8377353831611937,0.7349752568468272,0.7695810317307059,0.5890784973142307,0.5736619778656069,0.7749440781065688,0.8259831382366385,0.49746440441905093,0.27978027964147045,0.7941313613632676,0.7317282388815145,0.7549432735433953,0.7781628246168071,0.6933254122745837,0.7464452151611767,0.8024216734010392,0.6507916104683814,0.7540700876112912,0.46360756225319305,0.3643756171874793,0.33962141676470375,0.42083113669790745,0.3092502522231717,0.7807664215489677,0.37697216149560747,0.7813019680127178,0.2539710479426314,0.7908746857405814,0.33255696339029267,0.38774477634334664,0.7798739458449168,0.4077238945150883,0.5621634193419116,0.38153697483135646,0.5730473708471046,0.5465976757023614,0.46522897378809985,0.581959688983302,0.7606976334635369,0.7140253826104064,0.586505030685401
529900GGYMNGRQTDOO93,0.9480061254629529,0.15452593979036577,0.686865888730407,0.22251351278812234,0.3260185050000133,0.7710730179934164,0.4780497178862734,0.4702651873410045,0.9942436892960691,0.1961551582803256,0.9881974176285218,0.42411370135827575,0.969675955163037,0.027780002229071902,0.7538130799528037,1.0000000000000002,0.9961511912735633,0.908198614309838,0.9634720805919276,0.9821072082361638,0.8436579706561489,0.9881863529663526,0.4824413918599758,0.9136875717861486,0.04135005324330837,0.9750104084878117,0.07200683752655748,0.2770111556129552,0.7813600486325665,0.3027259509028982,0.16691707009051698,0.410492732326139,0.39792715396976197,0.2843575197433554,0.1724848692447771,0.1287229569211865,0.9416453397786264,0.030341565240152954,0.4009570900063109,0.7503515918712292,0.14766318301872472,0.23251496582606063,0.4482799398270992,0.12960934221484186,0.9142177491631702,0.029440642119977437,0.7647022125285277,0.4924835126100695,0.22792804487438628,0.14615847413746696,0.6839391055475239,0.7862499905660062,0.4754098819899608,0.34527722078267975,0.18197695111962647,0.896632870503039,0.33620719879610805,0.5999676721239452,0.8482663905133836,0.8827893314282433,0.14863183103191427,0.21616419694564687,0.3330773921640864,0.14124510059995468,0.016637073294432658,0.862622762852852,0.9551247115942508,0.6769993746881304,0.8711661591813916,0.5099352822598137,0.47610763352898366,0.931966626887359,0.9157815696052996,0.43485260408534493,0.2184131758888375,0.9534721224882282,0.7933623377935317,0.9964984162631835,0.9849317019163369,0.34901689148475534,0.8295893142061579,0.889879085909065,0.6429548112408613,0.995436929951531,0.3574763673913217,0.2522246381185134,0.2999902644145743,0.3109577451947901,0.18590248687970756,0.9782854141104355,0.30993089284299685,0.9805124181387923,0.17461386574577975,0.8928439250506347,0.1943864584343613,0.22981456787350965,0.9915656013504027,0.3441624569282496,0.4252560297392226,0.22679250011342983,0.29275011570002707,0.4282837609167855,0.3742844616089681,0.5195388814901654,0.8409921789673978,0.8866366778251327,0.4386874486614132
529900HEKOENJHPNN480,0.9513985200952182,0.1538669463716047,0.6844429260848715,0.2177432528887335,0.3244019469898245,0.7744551218455791,0.4630933898304055,0.4657498569259982,0.9973626340612906,0.19161406668243844,0.9901897553688547,0.4213519318859236,0.9703571597765044,0.024887648802314977,0.7530298070475943,0.9961511912735633,0.9999999999999999,0.9092646546278322,0.9624683694927095,0.9833121123186499,0.843521331083911,0.9895497738252533,0.4721027905277292,0.910313355953802,0.036837769391368104,0.976462161088493,0.06391002412927507,0.27480626642391875,0.7803636414059687,0.29777396205301276,0.16446107517967365,0.40551483110672887,0.3935843675510983,0.2808488958134529,0.17597499910166403,0.1266445650045762,0.9437411248026593,0.030971934314362227,0.38444153070932585,0.7461182439311345,0.14080222671583634,0.22583457911423208,0.44137547334297794,0.1272535048520015,0.9150073624528696,0.02564589431782557,0.7593291313552262,0.49020334907529983,0.22645603963455177,0.1411723161956245,0.6736361436987612,0.7785576377887701,0.4710247105130805,0.33778169298836674,0.16386919649176096,0.8971878230796226,0.3319422451935697,0.596099428652905,0.8458718888649122,0.8832384636376881,0.14713535690248916,0.2130371944093882,0.33122360411713964,0.13695169876373275,0.012737247530201265,0.8546921395267375,0.9555074317804102,0.6754656946880663,0.8723018563376055,0.5059420296087438,0.44909206430078963,0.9329998156592505,0.9160921818749727,0.4258587110216642,0.21277411734221208,0.9541640760985218,0.793660746770538,0.998502994289915,0.9905751386473204,0.34472326779905027,0.8282662769786675,0.886033641805427,0.6394468000658555,0.9984089591352975,0.3541967652654555,0.25000299019285965,0.2920308177810118,0.3063434147669068,0.18233453666302937,0.9797218276714419,0.3079521544259313,0.982394354505379,0.16758625621515463,0.8928458939926529,0.19232010220645152,0.2269497957685066,0.9942903444862079,0.34114144856831735,0.4198440757382712,0.2227217849856508,0.2882637712838805,0.42475679985316117,0.36791832287235227,0.5152869674976929,0.8389129446752598,0.8873046768824587,0.4342478576744212
529900HNOAA1KXQJUQ27,0.9444734874403803,0.41873784693005445,0.8452028690771287,0.5140083481184442,0.6144877988299746,0.7503896709362664,0.7206907172991935,0.7051746431526092,0.90534043495117,0.514693133054427,0.9367206462940647,0.7052963997399712,0.9605324684447352,0.27763564742313596,0.7952870888904543,0.908198614309838,0.9092646546278322,0.9999999999999999,0.9750815543498207,0.9395963194609468,0.9449994536553131,0.9431440545089225,0.5957498930704753,0.9568672486650192,0.2607897456741572,0.9447513149788821,0.29509721072656725,0.5913520105213357,0.8996264514803122,0.5895902468162637,0.4966274033498444,0.6728169302279986,0.6727221545900564,0.5653162125552768,0.45442277422840455,0.29963938612533925,0.9331935191480291,0.3585382102113623,0.5279931854007737,0.8727530949716897,0.2180184631713161,0.3156351059245537,0.7248994577802519,0.4240521527369639,0.9178167674858178,0.3296214872985221,0.9125552615301238,0.7451151744610315,0.43639340879625116,0.4620135626517411,0.8764202193843345,0.9022295700488219,0.6216415426182982,0.5403616361145207,0.4400890012810687,0.9755481395642419,0.6078034081089073,0.7276948899042819,0.9139831890558794,0.8800048611547068,0.447215741391079,0.5099385085471556,0.653784526179904,0.4165465889583477,0.20630868012296766,0.9258134396241043,0.943486465771978,0.8450632691162244,0.8957295223169189,0.7476083163936329,0.6355018736005129,0.9260036684262773,0.9744820929454848,0.5486528644234261,0.41664765808952064,0.9747927730436423,0.9148065869444877,0.9066078978441743,0.9238645939427997,0.6078952057864093,0.932771191396321,0.9349932513545832,0.8389511659354076,0.9068773348087551,0.6364895844362304,0.5481659161285466,0.5806566071914822,0.5863478285596235,0.5245025739045688,0.9634794000864702,0.5678473316615048,0.9579945349195698,0.48808747470291736,0.9645071939924417,0.4888033145343236,0.5328215296512708,0.9295959627940824,0.604001611048014,0.725446884145403,0.5378221695564253,0.5412811483955873,0.6976322214053079,0.6470785806375058,0.7650215686542048,0.8756918480767226,0.9467120524742736,0.6947949133049192
529900JG015JC10LED24,0.9670678951390265,0.3595405023145568,0.8278227462842808,0.4345538164974967,0.5385654328116499,0.8159158803271643,0.6598811524367082,0.66103051725522,0.9611839061285494,0.4237494231340463,0.9803556379550789,0.6236710960444592,0.9915417332669387,0.11502480650915985,0.8002547682203391,0.9634720805919276,0.9624683694927095,0.9750815543498207,1.0000000000000004,0.9822731552321752,0.9393423088196765,0.9838756223662717,0.6005911206503454,0.9631018338939693,0.18776960981878008,0.9843061547691977,0.2364219914622782,0.5005225400544313,0.892405957593093,0.5131401506735493,0.3987671284718845,0.6105674835704573,0.5816142824174969,0.4923413307952524,0.371363391222256,0.161890363179335,0.9729614648415277,0.23666859559375933,0.5325421162727347,0.8701556898470046,0.2100033187555816,0.322628024242735,0.6460238484228915,0.34589932100724863,0.9540006663072058,0.2510656657941753,0.8984797918433411,0.6806530260516206,0.3901590488453468,0.3606664598297277,0.8268042365148035,0.8948681087520141,0.6188895844908345,0.4680268106452561,0.36204694959687633,0.9722065802690162,0.5405582632018359,0.6843859734194594,0.9276256742613612,0.9216770320412498,0.3529404824101344,0.43179699434863206,0.5458771723707128,0.34535496794437076,0.13652630080491035,0.9200769522635698,0.9799304874420454,0.8146327902954386,0.9177789505823037,0.6899956063492092,0.6154294608392922,0.9667978694995307,0.9776251200475261,0.5367270729918229,0.3758124486449847,0.9882555450858805,0.8847039941087178,0.9612248829938578,0.9681506205245919,0.5425727936168494,0.9193884229197572,0.9501242610213201,0.797121788733643,0.9610538992240787,0.5632148629163642,0.46158389576889913,0.5068554471077673,0.5137302754452733,0.4142567048461918,0.992585728056218,0.5130799785286443,0.9912259553460435,0.4003932574581093,0.9680384214221999,0.3952716949974609,0.446715828320634,0.9756385561348034,0.5448543419066386,0.6040756444878579,0.44669413155599713,0.47986041871021534,0.6250549892669931,0.5772698372853258,0.7100357959742225,0.8934083872318925,0.9388509432923939,0.6359473958670768
529900JZTYE3W7WQH904,0.9517813610371753,0.2632984344022939,0.7735005051669792,0.313125651315628,0.4474070969321616,0.8198108508821788,0.5859455178949787,0.5795955859972689,0.9828230505993115,0.3188898245490196,0.9909525884577111,0.5466826075827966,0.9894805754326342,0.09785647423514114,0.8143584557790555,0.9821072082361638,0.9833121123186499,0.9395963194609468,0.9822731552321752,0.9999999999999999,0.8914111133331449,0.9960572257535752,0.5583384048703884,0.9376649628509846,0.18127224466597341,0.9956481034726541,0.1528062632006768,0.40304361204989314,0.8607262136376216,0.4225893336341318,0.29452167114542827,0.5203168579956305,0.5251424375146037,0.3933147167353209,0.2874537341138452,0.1568577683844366,0.9739037486687432,0.07136781938324108,0.514009311437647,0.8276862708159514,0.16482927792139493,0.3438735490033258,0.5487444469940406,0.2646073379353799,0.9461634843346116,0.17564852414643656,0.8450013031025468,0.6022537732677311,0.3145733783789545,0.23065998278079627,0.7324316568899363,0.8434851421629385,0.5757526063671886,0.37965608292889114,0.2716737237342434,0.9385853927797705,0.4494120209781415,0.6553330222470649,0.9185702360627883,0.9137673912526205,0.25183459076995,0.32488230159120846,0.4228263890073817,0.2528310282822966,0.142392394465831,0.9148799618340631,0.9860712096267601,0.7591284180807268,0.9219135368809351,0.6246880610792883,0.5759543854916235,0.9678617796400963,0.9524944360314814,0.49938662510559995,0.2896749739323813,0.9646135599898564,0.8253302576968238,0.9838993317280216,0.9796916763796845,0.4724049461668299,0.8779226058663812,0.9401648204393084,0.7271272339067337,0.9838929428540063,0.47348512601805887,0.3658424257659004,0.393850578682386,0.4370301892920405,0.2985874373920225,0.9891244421823129,0.4212686543125117,0.9932456258352275,0.27214535717788996,0.9368440092174137,0.2850309689507376,0.34525657669355125,0.992095891651719,0.4557278358892022,0.5202472657127049,0.34114363369351275,0.40711340706306126,0.5455794755188142,0.48232479642046755,0.6307012248416369,0.8714656665170211,0.8908035280198264,0.572100374392806
529900ODI3047E2LIV03,0.8651902862100743,0.5915646424245611,0.8958849962282129,0.5959762532707927,0.7403154978693246,0.7500547225528125,0.8308216622715497,0.8328980224149044,0.840746622749984,0.6622808927902479,0.8729789314185976,0.803698981374344,0.9311832215477097,0.20358790054524986,0.7361322494484194,0.8436579706561489,0.843521331083911,0.9449994536553131,0.9393423088196765,0.8914111133331449,1.0,0.891135068982721,0.6714742767413975,0.9370113427959781,0.3390520780151297,0.9040619148494323,0.44044086724892156,0.7085830476026552,0.9389412183047035,0.7270167127783884,0.62601524980282,0.8081979327473929,0.7372099935736226,0.6877604806688611,0.5603402421105732,0.15350392747804997,0.9291992914853215,0.418782645423824,0.6385379977659217,0.8991098108836176,0.2693034254584134,0.3408442465403433,0.816015562762136,0.6039927834328078,0.9244564929104676,0.47714531717827235,0.9488146573988613,0.8473829695424603,0.6281760208572591,0.5368087521977944,0.8534542839362901,0.93880569705374,0.685478367188823,0.48064196118801583,0.5251759304922955,0.9675272218535472,0.7582514838266485,0.8128915971543402,0.9273901709287677,0.9122190328443776,0.5965180961812911,0.6618112423870486,0.7349271050605939,0.6254711013651385,0.26672978960263044,0.9168537980752737,0.9109416711464283,0.8858527488561958,0.8907543626668346,0.8421046008022898,0.7307453366624796,0.9003577211872237,0.9606257046706108,0.7089418093826964,0.5669071783461763,0.9289290859693868,0.8336947522450927,0.8415837943142983,0.8556698945976962,0.6960675385510289,0.9692840668330217,0.9522861757288547,0.9332534990603796,0.8429096029969746,0.7588838441645854,0.6864894623277035,0.6652346435760389,0.7147179076026698,0.6577826941093832,0.9256372592399705,0.7092961943661487,0.9213222335605007,0.5911658927874146,0.9867957697827886,0.6408996236349035,0.6688387035544024,0.8776334072526096,0.7443312858227277,0.7706871774709905,0.6808344019006325,0.6462855865373163,0.822896655923444,0.7763590988945444,0.8575405760146074,0.8398824137473697,0.8626340907122793,0.7781560198066345
529900OE1FOAM50XLP72,0.9527344886316895,0.25805501008134685,0.753074007002107,0.30146517926403277,0.4291439886540987,0.8231248737621463,0.5651228293191098,0.5681490145864183,0.9894012926936808,0.3017634491926172,0.9925911863391628,0.5273039719029778,0.9881298140139535,0.09702086128210723,0.7892385614569528,0.9881863529663526,0.9895497738252533,0.9431440545089225,0.9838756223662717,0.9960572257535752,0.891135068982721,1.0000000000000002,0.5374856737403071,0.9383019636697648,0.1203158201909062,0.9936543271480169,0.14011310342512265,0.38127322928458923,0.8522117018989817,0.4025245382624714,0.2759647125413312,0.5060853212715535,0.4936490504711496,0.38053708724269586,0.26073628259158793,0.17196244558479853,0.9741319102882057,0.09669718941267841,0.48055306620561433,0.8161897750708285,0.15993955293432685,0.30023389702744563,0.5295632583648796,0.24105047488158732,0.9455491479056769,0.14035350196037572,0.829952103736646,0.5863181912486545,0.3120368324427909,0.221174235671232,0.7330657215821771,0.8308995972040425,0.550513811370051,0.3787046623861394,0.2462529239809859,0.9349970467886217,0.4312108786642641,0.6487677331872024,0.9074108524695692,0.9126980917890339,0.24138206332199705,0.31824100584892323,0.42175572832986374,0.23366860868773326,0.0833931969340832,0.9057710523505147,0.9799977156326797,0.7429866841567522,0.9244766229036991,0.5992062057211005,0.5478790336719429,0.9644841300633389,0.9512800527519683,0.480235362101955,0.2789061322579183,0.9670634410188497,0.8230469077053816,0.9903918719328291,0.9828637410099952,0.4406462587643088,0.8725830334168189,0.9275565364567252,0.713196465605179,0.9904586706944096,0.4578524836995797,0.35263545220809445,0.3776365100253864,0.4135631922707567,0.2852152056114253,0.9917013551616496,0.4112053594169325,0.9946309277258566,0.2630254130117963,0.9337732279447263,0.28009926428038495,0.3339439995058263,0.9972419405400168,0.4452994410018799,0.5081310801906765,0.3215218249715824,0.3863922959785339,0.5232644570075283,0.4636090002580041,0.6129274339140304,0.866363325395592,0.8985121185237122,0.5436345392628018
529900RWC8ZYB066JF16,0.5181551602396788,0.5787076540300153,0.7157278127813086,0.7630671901569207,0.7218529776869931,0.6889725035372638,0.7162665233123577,0.7750750836880645,0.49349182615502235,0.5924891605372513,0.507279193019729,0.6832554082915904,0.5607601336056222,0.25518327053853945,0.4325775246107634,0.4824413918599758,0.4721027905277292,0.5957498930704753,0.6005911206503454,0.5583384048703884,0.6714742767413975,0.5374856737403071,0.9999999999999999,0.642227252375437,0.5351302344497851,0.5467581343884613,0.39780278518192924,0.6943955621150536,0.6407243134795078,0.6112833555579079,0.6331543065790287,0.7960494633431406,0.7181018439040198,0.6923286028485077,0.5071595140951932,0.1425118363330411,0.6179756498087297,0.1786954313968546,0.6948711158051728,0.6653182226475111,0.35150119807677305,0.271788773861777,0.6551085090704505,0.5993296244281411,0.6373302616988181,0.5987072057050181,0.7330960835055209,0.6572886456909642,0.5919325402941842,0.659860147523384,0.752346838105242,0.6681079284954649,0.9412547435872013,0.40084880143363505,0.377059076087827,0.6606470702945358,0.7734958679474929,0.6398956860523657,0.6595286587796609,0.6312979038797291,0.4471706717624628,0.5138538694196593,0.49885324164629247,0.6424525155844361,0.5030722575961974,0.6715788497146545,0.5901470007120988,0.7187581771033924,0.6417476354952106,0.6776582371658509,0.732060271630559,0.7146806887406553,0.5743729155798409,0.6572644203579979,0.4508796727741917,0.5523385519972274,0.5392534049342853,0.47104944066683035,0.49150295707295305,0.48511730497006894,0.6712259083487656,0.7211825695151806,0.7411545964929103,0.4722655123213863,0.6540172576239043,0.5934200916608093,0.7920102778084878,0.7419546706236587,0.6320132320836648,0.5595265790143381,0.7195615966244197,0.5665313010208237,0.7661750838390263,0.6297350018702648,0.4214438511751992,0.539013988490625,0.5255448889019583,0.669289705396547,0.693036929256297,0.5710181957340659,0.44727057822544275,0.6888475048210251,0.8056655063893661,0.8036439361035025,0.5906177418886654,0.5351711341545088,0.734857061984254
529900S9YO2JHTIIDG38,0.9219989281214057,0.4066545979378351,0.8183252596826008,0.47373147610426297,0.5876357959578102,0.7956925798270822,0.7141219842950413,0.708462510964307,0.9045210903881906,0.4885539017239231,0.9315270025925664,0.6657970649867291,0.9482853015361369,0.20639491835220916,0.7768579696372737,0.9136875717861486,0.910313355953802,0.9568672486650192,0.9631018338939693,0.9376649628509846,0.9370113427959781,0.9383019636697648,0.642227252375437,1.0,0.2403564419344819,0.939632446706618,0.314340977369471,0.5570189610431705,0.8836153109750977,0.562620625255811,0.4598716413927511,0.6686534499557323,0.6343546717518641,0.5772701675811323,0.4472145789850454,0.23207174481592488,0.9353134824149695,0.2798502402796511,0.5643939948716028,0.8561463604246943,0.20184254175484634,0.3203282163695501,0.6884161918684254,0.42637204865981493,0.9265587119737124,0.31996623383050626,0.8985489708724045,0.7177952890219231,0.4873555484259771,0.4054351104540304,0.842732642115634,0.8878184175338778,0.6383429058358605,0.49367102869194623,0.4212999269663366,0.9571706490651248,0.6151627521769619,0.7492802485241052,0.9158310979009043,0.8830867697453038,0.4080085055538587,0.48445122851028877,0.5942936640556007,0.4208222316172673,0.1886069760849103,0.923222251826349,0.9434066390604828,0.8392506520490186,0.9081871544937189,0.7181163888695741,0.6850067521395506,0.9341559795453404,0.9567633917296414,0.5988368979076211,0.38874863399684817,0.9673436794227631,0.8620751641224822,0.9047439459397004,0.9268955771735146,0.5719808699479338,0.9266195870811902,0.9467404143344994,0.8243976379375694,0.9040696685826966,0.6130838019754463,0.5216192267566034,0.5446289494578508,0.5698740476729736,0.48806780883179934,0.9504655153616511,0.5596156751742231,0.9494702559078968,0.4565759346232303,0.9512391854043479,0.4603438845036644,0.5012346471641084,0.9281144679199607,0.5893192723180409,0.6799508192261656,0.503915353620825,0.5244023469768957,0.6771260876352895,0.6520631080572664,0.7488534726435006,0.8567414845671457,0.9119679856213209,0.6729650556082993
529900SSGT49ZZSWYE62,0.08216133891863144,0.5889844668404787,0.5179905548976256,0.5254128922725602,0.7218895414059227,0.15171100972946666,0.6717051917581233,0.5744456890598469,0.03567504780190365,0.6630437146003004,0.08220050388702549,0.6849744168671928,0.19029505086451562,0.39603783454846997,0.2109816885032947,0.04135005324330837,0.036837769391368104,0.2607897456741572,0.18776960981878008,0.18127224466597341,0.3390520780151297,0.1203158201909062,0.5351302344497851,0.2403564419344819,1.0,0.17261636912475115,0.40732902578985614,0.7569657883841716,0.40249769328444424,0.7011663414159368,0.7382377581893604,0.6233178400991914,0.8194480804242139,0.5270969789323546,0.7586166402423703,0.07304278376653657,0.21729035600525032,0.1568834174920103,0.5728392116552502,0.3505835713205046,0.07901143112766668,0.3622443083244927,0.6390498149885727,0.7501342235189776,0.17514386855098035,0.8048957689938249,0.4791636293407762,0.6416587681875139,0.3652750415107804,0.5042965231181666,0.3385040929278342,0.3937949845709497,0.5851633682965774,0.16755109310933466,0.3837831028049159,0.30868718809953866,0.6084305753663433,0.3759366425353976,0.3612774769830162,0.212325829061525,0.652236725435208,0.5730359931131122,0.5163556207562482,0.6665131855445459,0.986088128947197,0.3379453472226338,0.19181886666381665,0.4142899830665558,0.22453509455986448,0.6994025113101066,0.6100092375708157,0.2435210642864081,0.24600701122060645,0.379245535594433,0.49252850243450996,0.15165691149040245,0.19478643643565244,0.03648227253804433,0.053018554570970156,0.5554542069219277,0.33023146232262995,0.362432982085336,0.5414081226664434,0.03652219172782468,0.6815290680632632,0.6856503213524765,0.6120034291009289,0.7682452692943295,0.6813414767376907,0.16904919616933772,0.63879296631758,0.1727966861611023,0.5563652649818176,0.30866753731262364,0.486442774501611,0.6213919488044767,0.08718464262266977,0.6522681597925403,0.6015330592235459,0.6842099884944826,0.4340487886003905,0.6978256856254635,0.6428850379931885,0.6516138572881779,0.1390042733902269,0.10620121656674586,0.7223600119020382
529900SXEWPJ1MRRX537,0.9440910122532487,0.28589244751783277,0.7742040662371936,0.32649729758319596,0.46734097224843496,0.8152109168346062,0.6098187738401165,0.6073271511718955,0.9768576660439109,0.35944833526717046,0.9898730778484587,0.5738973882309787,0.993264586663197,0.09571083026096976,0.817930976633914,0.9750104084878117,0.976462161088493,0.9447513149788821,0.9843061547691977,0.9956481034726541,0.9040619148494323,0.9936543271480169,0.5467581343884613,0.939632446706618,0.17261636912475115,1.0,0.18480497784865885,0.42660855738311476,0.8873105975052369,0.45561446179237025,0.31998267740227126,0.5430026721171658,0.5365476036745932,0.408769352315096,0.31401558557533943,0.15504409752926493,0.9697922783777572,0.12520555109027048,0.5181179819941164,0.8408139917639443,0.1454700161402902,0.391049793558928,0.5692779687470996,0.2897963359178751,0.9389799229139232,0.19811020676321217,0.8534435625527534,0.6358588235676753,0.3397563171705331,0.24362374354449645,0.7407831718451228,0.853086326271223,0.5833982174357382,0.39911083061601593,0.295551809221065,0.9443631469972943,0.4720683246043289,0.6686841802062607,0.9336320588602784,0.9060823990553754,0.2924904955073413,0.36978155274749136,0.46479681899830627,0.2802141153465695,0.12708140978024096,0.920181826073871,0.9903218279078476,0.7860790869687194,0.9226134336182328,0.654156771773403,0.588165596373039,0.9665534032569698,0.9668812212003312,0.5060485225992152,0.3077484449001957,0.9675761924779387,0.8307275962606109,0.9776145655395018,0.9744156089867855,0.51188434884328,0.8926840242607272,0.9434501402949148,0.7462515861791978,0.9774580541216454,0.5069567327809439,0.4002629354721082,0.40433370720721085,0.4559235111675655,0.32905376644782375,0.9881439634228575,0.4496096929008346,0.9919268343786728,0.2865811094347969,0.9519896888343873,0.3352291911618241,0.3894931732608526,0.9887343819445772,0.4838181765778348,0.5317878690971609,0.3699372800324121,0.4650579758400655,0.5702067471978163,0.5029721520026551,0.6480529479065161,0.8715519815099002,0.8919911378684379,0.5974683432257705
529900V3O1M5IHMOSF46,0.10865919443669994,0.6014594342795794,0.384860621775736,0.5059385705595432,0.6836601071737015,0.20558641582580836,0.6105714704862765,0.6474434772883778,0.06887860294298798,0.7512451539237951,0.11644278159786285,0.6163230004430271,0.20618077643062063,0.27428608933044596,0.24107869019123784,0.07200683752655748,0.06391002412927507,0.29509721072656725,0.2364219914622782,0.1528062632006768,0.44044086724892156,0.14011310342512265,0.39780278518192924,0.314340977369471,0.40732902578985614,0.18480497784865885,1.0,0.6469415086407891,0.4484251759835223,0.7256557482094275,0.6730891705273172,0.6022078377702311,0.6148172799261648,0.535610208261293,0.6248463188285215,0.06499655463281939,0.2145610782125588,0.5858151209841196,0.40829264650069724,0.3807063608170782,0.02303933116726217,0.2872486604337885,0.7090252904202176,0.649287319171245,0.20231744671822674,0.5384985652337757,0.4552637446885019,0.6677942052994316,0.48126806830623137,0.4807887077444856,0.47667949007473753,0.48026681792324755,0.4399205443431945,0.14376166659669204,0.7594995610990373,0.3142283440462733,0.6309523044105676,0.4156838783646003,0.40610584924041243,0.17802209175288994,0.7040836764603521,0.7490627557870788,0.705472837052289,0.6109303447220179,0.31143904176036413,0.296590373583551,0.2119294379151449,0.5108209531525129,0.2703635336920438,0.6346278183017974,0.486475979671236,0.21945760011337062,0.37309907214508475,0.40657754435439714,0.43783340654313024,0.2624967067741263,0.2647551657857019,0.06450189703208252,0.07916267089839765,0.6784625300312174,0.39606783051572575,0.32040192377499677,0.5454307750803112,0.06256342937976447,0.6910824886825363,0.7214998313354695,0.5414177026682369,0.663217218131455,0.7282294896838986,0.2096160048876858,0.6721032741000348,0.18800589730473272,0.5400585792370142,0.3857825997858762,0.8425223125603265,0.7352906368192936,0.11314106621148791,0.6718918815527214,0.6140451617362412,0.7605918891594736,0.6721123003966551,0.69077275635251,0.6577394420899639,0.582550578348968,0.18286113470778037,0.17110358792507022,0.608781154198523
529900W3MOO00A18X956,0.3783377925913728,0.8930612147936606,0.7984381612136706,0.8357974710005426,0.979922938725215,0.4232379619727256,0.9381415791159465,0.922815864899507,0.27442978606834373,0.9589415622750886,0.3447312889547589,0.9620536397820316,0.47045999939820465,0.4115255655463122,0.3884770630977464,0.2770111556129552,0.27480626642391875,0.5913520105213357,0.5005225400544313,0.40304361204989314,0.7085830476026552,0.38127322928458923,0.6943955621150536,0.5570189610431705,0.7569657883841716,0.42660855738311476,0.6469415086407891,0.9999999999999994,0.7319890582892374,0.9628951088993314,0.9790072347088786,0.9429377348864354,0.9454898944830558,0.8635148402216555,0.8883766976674535,0.16726265265563162,0.5033917074419725,0.6508119246062188,0.7162395984926658,0.7014792698089819,0.23173986268582672,0.39673906198058884,0.9350993049687136,0.9448247124861515,0.4908243143686769,0.9118701887191158,0.7937017935785238,0.9424830803378772,0.7044104446137648,0.8084449524686022,0.7380974980952308,0.7124724379796716,0.7650164006743185,0.46027792571967724,0.6557769555123867,0.6307964377501855,0.9144747136975121,0.6202907788889349,0.6388121757006833,0.5127072967341977,0.8997954456905227,0.9158260234578923,0.9078022475374897,0.9074161944273861,0.6802019367370861,0.5928774548696794,0.45777220671405566,0.7445745897671354,0.524503932658662,0.9369385737175201,0.7860311982815501,0.5080477699830094,0.5816488633331286,0.602811565040813,0.7486181793350121,0.47963191730611626,0.5437145998857769,0.27086090024674486,0.31095771580765363,0.812907808361267,0.6673862187167157,0.6118990687197909,0.8706792521353917,0.2720801533563876,0.9623968623874071,0.9552570665993427,0.8867005429632654,0.9696705676019431,0.9679624062219663,0.449039288153496,0.9403229518806726,0.44063013748471247,0.8828794663068291,0.6456729121967368,0.8373448896784519,0.9346326296853407,0.3410408788970585,0.9522026014561586,0.8699242767461144,0.9492818827739693,0.7571271298094318,0.9597165317570959,0.9366357353027325,0.9490854786829926,0.4527815095324776,0.46909309283029643,0.9471689669222796
529900XSTAE561178282,0.7914979276117354,0.5963811613012219,0.8702747020828212,0.5917145362873524,0.7640080860087342,0.7766784239567427,0.8658505853396093,0.8711611368467135,0.7802769253436509,0.7184232622133887,0.8332939280323808,0.8511299400741721,0.8919700595333799,0.27333631290744165,0.782688238207634,0.7813600486325665,0.7803636414059687,0.8996264514803122,0.892405957593093,0.8607262136376216,0.9389412183047035,0.8522117018989817,0.6407243134795078,0.8836153109750977,0.40249769328444424,0.8873105975052369,0.4484251759835223,0.7319890582892374,0.9999999999999997,0.7813229272795753,0.6677406758951598,0.8046802662836895,0.7813517668392297,0.6600142292433322,0.6170536313828471,0.22168189800524768,0.8935662853934654,0.3983883640433206,0.6979288181038908,0.9278984058604917,0.24131160545829394,0.5798657108096551,0.8126671675993756,0.6497704424387739,0.8695798878389377,0.5626462222598899,0.9483011207360329,0.8910649587587629,0.6009650965281239,0.5159626929701024,0.8026382143422656,0.9023742801455669,0.744832181405612,0.43104655481356685,0.5669566727928297,0.9127925917631302,0.7476027682272306,0.7336950702074397,0.9736850395613715,0.850074978441587,0.6330531347110958,0.7208318231631514,0.7539882747200354,0.6054364565236793,0.31311780637313363,0.9164504174862214,0.9026782759266638,0.8864274556501605,0.9016641773275884,0.8930375630677458,0.788972694931214,0.8880941864993671,0.9461537694038271,0.613431448731102,0.5089935103379494,0.8695504689061551,0.776316166025886,0.7806442731829243,0.7943793244472103,0.7975564567210857,0.9099783174168921,0.9127604338258304,0.891780673399834,0.7815742500049953,0.8068895801064633,0.7276980057878031,0.6580320821497648,0.7623483009562213,0.6568010961093227,0.8652518271563971,0.7481503418091522,0.8649962122617337,0.5794733256461928,0.9552405942571249,0.6473721626047775,0.741175684262894,0.8247650319160059,0.7800481056664813,0.7456465862086763,0.6979247568192544,0.7608994324501771,0.8349498258334176,0.7526008557955901,0.8791497629152542,0.8300627965542036,0.7855373966252215,0.8674083364235662
5493000LKS7B3UTF7H35,0.37035776380606933,0.8442899791379069,0.7475576676807386,0.7892898466555895,0.9734630759089037,0.40997294734190487,0.9416275232977813,0.9337912707528201,0.2946748203633865,0.9824363056684581,0.36607607104042317,0.9495729377170088,0.49045882060311197,0.3752838004266338,0.4229220137730938,0.3027259509028982,0.29777396205301276,0.5895902468162637,0.5131401506735493,0.4225893336341318,0.7270167127783884,0.4025245382624714,0.6112833555579079,0.562620625255811,0.7011663414159368,0.45561446179237025,0.7256557482094275,0.9628951088993314,0.7813229272795753,0.9999999999999999,0.966144693081844,0.9175355749663174,0.9214513558939327,0.790252203458303,0.8978236950273776,0.12473260230589622,0.5097351237301833,0.6714214136327942,0.6525626147721759,0.6948247559002777,0.24740412988578017,0.45005522955874677,0.9544711582887216,0.9456748393464256,0.4913091116822238,0.8614397970266521,0.7939151772000518,0.9717679905197075,0.7117124813660227,0.7588070007826967,0.680923536166028,0.727983732398847,0.7179951191108994,0.34746768889568497,0.7329178612665,0.617746755829479,0.8934826983004649,0.6170107628709136,0.6732068031515739,0.49966479812189624,0.9485590656684154,0.9676244620620741,0.9404081923850409,0.8841323296838272,0.6056893630699034,0.5904320332297588,0.4817060714627006,0.7323058577797087,0.5351441461396533,0.9562863369809451,0.776195223324126,0.5002546085281546,0.62607691815098,0.5767355169439335,0.6712137651581089,0.500226819120821,0.49576289470787294,0.2950926978095082,0.32243386290602344,0.8828588671919753,0.6733524741872897,0.6069905071366758,0.845822840031253,0.29599626408807117,0.982350402912306,0.9780335445108873,0.8454794981968897,0.9683898021303323,0.956159577660155,0.46674492157240616,0.9366697047942322,0.4546421926266299,0.8211560685988754,0.676312782160883,0.9075738864298496,0.978133931221353,0.36062507812927064,0.958329029265178,0.843959746041597,0.981365431520251,0.8181425988163926,0.9714743135600302,0.900561123546703,0.9301959269608567,0.4666677456901816,0.4365940819915151,0.9396012161670995
5493001BABFV7P27OW30,0.2744234714832809,0.8737409342649557,0.7029713767210872,0.8406440166840262,0.9765936630142136,0.3542625685858257,0.9016492037758289,0.8994267343560419,0.16179082664389008,0.9701901875653366,0.23504252711789297,0.9155059215703377,0.35879268552131816,0.3874514625584214,0.28100860586881443,0.16691707009051698,0.16446107517967365,0.4966274033498444,0.3987671284718845,0.29452167114542827,0.62601524980282,0.2759647125413312,0.6331543065790287,0.4598716413927511,0.7382377581893604,0.31998267740227126,0.6730891705273172,0.9790072347088786,0.6677406758951598,0.966144693081844,1.0000000000000002,0.9164565543988307,0.9002575893360678,0.8379884100858256,0.8965817580559462,0.12107614350035996,0.4023545442261902,0.6981290635961057,0.6255549626730038,0.6207489763676671,0.2610842389227907,0.3467460094390845,0.9175232759720885,0.9612730238896305,0.39690643890303373,0.8924794040732069,0.7258135126736276,0.9162816769486387,0.7162366928544663,0.8234349629112367,0.666540036340329,0.6155521447809681,0.7098933054470079,0.40264364590204005,0.6635068678887323,0.5326882911507543,0.8938187485575805,0.5433780267964566,0.555111787293883,0.4017929659626852,0.9225664574693446,0.9364066114537873,0.912064126778686,0.8877781478719214,0.6573251415722761,0.4775359665199328,0.35435803956357076,0.6652419311504656,0.4493397150935596,0.8947952276202825,0.7501708722768795,0.40465324619537085,0.4947013782760427,0.5336515436979181,0.6556053829161316,0.3832112033110297,0.4497984253253536,0.15987542675653155,0.19966154948002893,0.7906947818096045,0.5793527255265181,0.5065940760295733,0.7841066967033814,0.16168993417953112,0.9512872101932501,0.9570973768846066,0.8810962005479087,0.961120439030279,0.9717838037094787,0.34260939485401565,0.929634089361834,0.3319077469963594,0.893245889891566,0.5542168092813622,0.8548663202015773,0.9454167294244141,0.23026633306397173,0.9411406046407585,0.8281258422913548,0.9616393756622311,0.7405123841269617,0.9327621826975716,0.9067857933261272,0.9100225853661953,0.37614173929211253,0.37220014252090855,0.9128180102840073
54930056IRBXK0Q1FP96,0.49906308288279866,0.8249299909215948,0.823546116125682,0.8465635811057325,0.9437605032274694,0.5685574513422018,0.9603380752204018,0.9692636650792411,0.4078448494052818,0.9239130825391746,0.47322274068224834,0.9413480694678479,0.5788157336654614,0.3589863089116043,0.4824002131675202,0.410492732326139,0.40551483110672887,0.6728169302279986,0.6105674835704573,0.5203168579956305,0.8081979327473929,0.5060853212715535,0.7960494633431406,0.6686534499557323,0.6233178400991914,0.5430026721171658,0.6022078377702311,0.9429377348864354,0.8046802662836895,0.9175355749663174,0.9164565543988307,1.0000000000000002,0.8880976446747237,0.9261169977181625,0.7948356194891301,0.1773012696442409,0.6150421900782731,0.6001535883113701,0.7456340837934737,0.7785954530779456,0.31870623268493864,0.41568438823325976,0.9109793070832762,0.9109346411989743,0.6427656224435451,0.824904707710584,0.8540537190058436,0.9348607382016506,0.8630001717662374,0.804225315731833,0.7939799457567942,0.7670589079141279,0.8113703234807865,0.5453697799310762,0.6548183885888031,0.7341408663688771,0.9870975240873457,0.7917183065637214,0.7335599912768072,0.6297244650892148,0.8170768606234505,0.8705071702855268,0.8678316927780322,0.9185697864983011,0.5380050276197957,0.7106465172932913,0.5868004611514046,0.8552979152062833,0.6610015526032318,0.9197371061663608,0.8686629292488411,0.6270687812576967,0.6753738396278309,0.7828887953705387,0.6606510004843387,0.58690989601695,0.6144822318178615,0.40230318620549277,0.44612838724751064,0.80185425998335,0.7994636936946729,0.7453378006183765,0.9213029413794201,0.40462476928369273,0.9321681692922197,0.8967178677546193,0.8821411621328427,0.9341854555099354,0.92953472104115,0.5567887866345496,0.9085759830117328,0.5560560824694285,0.8930595131208151,0.7434782297512886,0.8164155557219356,0.8824381495027046,0.4761311873569824,0.9142901143128968,0.8953995941009831,0.8930261848195451,0.7966258628199514,0.9608709175247905,0.9864692871340304,0.9713285129504756,0.5879591987169754,0.5660360965576146,0.930007272317089
5493006QMFDDMYWIAM13,0.4583442560541265,0.7844966664133218,0.8104260041843109,0.7523091765908901,0.9392854580722244,0.4808136699070742,0.9291256197609075,0.8873501369342326,0.3943348926428338,0.8843573746127578,0.45432972943884564,0.9554864378491165,0.5663598534946549,0.5566813399447554,0.5353452617380866,0.39792715396976197,0.3935843675510983,0.6727221545900564,0.5816142824174969,0.5251424375146037,0.7372099935736226,0.4936490504711496,0.7181018439040198,0.6343546717518641,0.8194480804242139,0.5365476036745932,0.6148172799261648,0.9454898944830558,0.7813517668392297,0.9214513558939327,0.9002575893360678,0.8880976446747237,1.0000000000000002,0.7680250477221761,0.8483389763383221,0.32356495722075057,0.5861864827356823,0.4691677409331639,0.737821321543113,0.7278261267238758,0.20551255966417978,0.45724678641985017,0.9154824268478884,0.8713990431253319,0.5580536007407769,0.8573109474639221,0.8213395335072082,0.925270221591957,0.6044244931054662,0.7129525904319604,0.7343133571385049,0.7675882712113362,0.7912849368550305,0.386955636235523,0.6508329797912705,0.6830462650467383,0.8558854124175712,0.6723083993122024,0.726269296285773,0.569709304471811,0.8274095722713779,0.8297125259072828,0.8375017128294178,0.8180047559839013,0.753636376552861,0.7104270443811577,0.5600113543832147,0.7589381854898781,0.6079759275134673,0.9432400099181758,0.7999532573754061,0.601148905248301,0.6605839727072543,0.5906893187971025,0.6653663545516848,0.5579669573818443,0.569273740664087,0.39196305492106637,0.41685986199731817,0.8207758189147977,0.7041681036112317,0.6957019465290207,0.8694315059701342,0.3923406982936613,0.9243364026397254,0.9029153053364203,0.8259937959749011,0.9539419372305661,0.8947771541872861,0.5468333183708746,0.8793885171290263,0.5408293948980479,0.7767908874048731,0.7037951855891533,0.7592719766813946,0.8693102793334778,0.4564452008193301,0.8960776296765934,0.9080911330029088,0.8898433227475727,0.7166499121655203,0.9427156922359626,0.885317758994189,0.9347931041361617,0.5160776721967372,0.5074182708879904,0.9484430135442334
5493007SJLLCTM6J6M37,0.4318392115334681,0.8059734756068216,0.7697617926849315,0.7465625146749472,0.8340033172710912,0.5181551752740232,0.8744439452120328,0.868292217891531,0.2733107159942195,0.834749487311516,0.3595126528666583,0.8456215964719699,0.4475138992008819,0.33201219215588446,0.432510304541205,0.2843575197433554,0.2808488958134529,0.5653162125552768,0.4923413307952524,0.3933147167353209,0.6877604806688611,0.38053708724269586,0.6923286028485077,0.5772701675811323,0.5270969789323546,0.408769352315096,0.535610208261293,0.8635148402216555,0.6600142292433322,0.790252203458303,0.8379884100858256,0.9261169977181625,0.7680250477221761,0.9999999999999999,0.7139963215138431,0.20491743032752124,0.5095325344965141,0.604656551094559,0.7663376288401702,0.726483312672225,0.23266161725920345,0.3679347126555229,0.8015841103458765,0.850774476646632,0.5747649607078352,0.7729322847508387,0.7639189798386458,0.8034778152143907,0.8727703046892725,0.7327472574695482,0.7538809040579127,0.6489948163483852,0.6551770775974605,0.6706708069440587,0.6336494600843888,0.6446918631902856,0.9338697209212461,0.7311921530479669,0.6119540866304863,0.536521599010342,0.6780073369957809,0.7632497163150197,0.7757684848407324,0.8534206809487375,0.4375739120374229,0.612700793599909,0.4687407190741301,0.7983689934601713,0.5927733341695284,0.7790065764731562,0.8536856279862195,0.5014415950141484,0.5433251064056133,0.7801080978301187,0.6414894049757085,0.4827294963264256,0.6095623478443634,0.2716547357444655,0.35354452631150673,0.7069365748541773,0.7003341554643768,0.6429402579516089,0.8303359311084563,0.2734215885232222,0.8108219052753064,0.7762445170347104,0.7628162083035502,0.8012856034985107,0.8504025371346853,0.4236227885701205,0.7906361978606075,0.42762239937397095,0.8385308374567834,0.6050125229576119,0.7194837964977278,0.7676241362260132,0.34793544054975406,0.8050366638167621,0.8231811433863939,0.7841232697718739,0.7482135446808872,0.8578322350269371,0.9275485830126964,0.8716219558344187,0.49358867166316406,0.5280162223805728,0.8319085148942069
5493008QOCP58OLEN998,0.24182050435725547,0.7629380251663825,0.6047794786942946,0.6493604355625646,0.8694821594432016,0.3174918256712525,0.8366054136187266,0.7998064661198506,0.15591624979642654,0.8877144486885874,0.23372702712624221,0.8319606825340786,0.3390693974135351,0.35887037429481194,0.2668291366617576,0.1724848692447771,0.17597499910166403,0.45442277422840455,0.371363391222256,0.2874537341138452,0.5603402421105732,0.26073628259158793,0.5071595140951932,0.4472145789850454,0.7586166402423703,0.31401558557533943,0.6248463188285215,0.8883766976674535,0.6170536313828471,0.8978236950273776,0.8965817580559462,0.7948356194891301,0.8483389763383221,0.7139963215138431,1.0,0.10540642211459793,0.35190580392278714,0.6147569244721093,0.5482773832221729,0.515902017972131,0.04289640533234939,0.3877625853497786,0.8224090800266173,0.881188554841046,0.30988863785245624,0.8322985545697802,0.650868471436161,0.8598033213891129,0.5887677444717901,0.6300829949891865,0.5583286956326882,0.5611994753140545,0.5998185128227592,0.3480503240162107,0.5588836666806507,0.48084292179446125,0.767880907586294,0.4985408305869293,0.5277664675084391,0.3084547787870063,0.887730672073443,0.8682249794851621,0.8500382467963129,0.7936626373688541,0.6960799736432846,0.44174044460188694,0.3255421697203148,0.606793717951546,0.3805014801984903,0.8484835015978189,0.7081745026686772,0.3590303770216778,0.47288466174916827,0.42688233708254564,0.5852859652255328,0.3682168747952173,0.38951737285426147,0.15807136349633988,0.22142462447801953,0.7344303514478349,0.5162470398579562,0.46966982743456465,0.7010499354629675,0.1568197296474612,0.9029058396336513,0.9077267143110842,0.7219767202727229,0.8760205302512205,0.8736771988932273,0.3195286775740542,0.8424926914177393,0.31298540200939867,0.699661792747179,0.5133646346438393,0.7917250243279319,0.8883374888203946,0.21926094172442598,0.8651045154892832,0.7276783386747415,0.8780004295946751,0.6915410670553755,0.8575690131405551,0.795114506520016,0.8137581834799869,0.2694446894676142,0.34296149357894185,0.8438422156280561
5493009EIBTCB1X12G89,0.14740841307735222,0.1088823591318248,0.16387984978850947,0.13768633314115697,0.12949901046339193,0.16811623656968674,0.23081890676919511,0.200381777389139,0.1258494683960465,0.14453922275785616,0.14950461952569274,0.3059333386883473,0.15658195148937915,0.9196087667156309,0.3904622544158915,0.1287229569211865,0.1266445650045762,0.29963938612533925,0.161890363179335,0.1568577683844366,0.15350392747804997,0.17196244558479853,0.1425118363330411,0.23207174481592488,0.07304278376653657,0.15504409752926493,0.06499655463281939,0.16726265265563162,0.22168189800524768,0.12473260230589622,0.12107614350035996,0.1773012696442409,0.32356495722075057,0.20491743032752124,0.10540642211459793,0.9999999999999999,0.1583921162386025,0.08966113962503171,0.23695819309979466,0.19983157092263024,0.0243054982564293,0.16318874187883783,0.14202810066859814,0.11133153075449968,0.15551965836114573,0.1748972556608492,0.1759043388386955,0.1664971294217661,0.1356367246002376,0.14084533814277128,0.25577631361202746,0.2217085324471101,0.159749284007383,0.15853432786279034,0.27584601579362644,0.16813408795230111,0.1852693572210354,0.3297794675172215,0.23800660615207425,0.13880042973833753,0.09588824974823804,0.12237978233709912,0.20836104904118896,0.11443720227841732,0.048777411848618585,0.4023378247384268,0.16496907140625605,0.19995980209086384,0.2694649880861509,0.15236971084422066,0.19514804301377608,0.17146794583634045,0.20658233759314784,0.11340669486733848,0.08744281061552024,0.1657629546962723,0.19155808397460147,0.12409538222491975,0.14306635149175112,0.2350869888042951,0.1675854363515095,0.18171054890335572,0.19180289711092013,0.12374655701735136,0.17667546727718852,0.17415081193048393,0.1222912128445233,0.19721865945773837,0.17920491973484798,0.14766530492034588,0.13977276600035618,0.143758541392421,0.1457876452007507,0.16453939030238626,0.09873098485737261,0.17750545691193417,0.16059944419742506,0.142004543753009,0.48240582215220934,0.11385609850283289,0.19195633720122993,0.1786164219538755,0.1635186318676551,0.21184722566456324,0.1660134732603084,0.1803239709933397,0.2189619522590358
549300C6TUMDXNOVXS82,0.9204110869926703,0.434598452157082,0.8492022036130912,0.3929496362544295,0.5495158428136933,0.8713015114181625,0.6630190024352004,0.6761780376714801,0.9436836237912452,0.4119150901693249,0.9540025992961242,0.6358497617981401,0.974013361207065,0.12837003887287493,0.7800289307534213,0.9416453397786264,0.9437411248026593,0.9331935191480291,0.9729614648415277,0.9739037486687432,0.9291992914853215,0.9741319102882057,0.6179756498087297,0.9353134824149695,0.21729035600525032,0.9697922783777572,0.2145610782125588,0.5033917074419725,0.8935662853934654,0.5097351237301833,0.4023545442261902,0.6150421900782731,0.5861864827356823,0.5095325344965141,0.35190580392278714,0.1583921162386025,0.9999999999999997,0.13810599317374705,0.6253780248651198,0.8827883997412246,0.21066746630848557,0.3188580079636183,0.6117785130384886,0.3872107474109848,0.9746090086630266,0.2947913818717926,0.892879836308525,0.6676902597440757,0.41783887870451913,0.3076667584879741,0.7665482275820519,0.8746328933761667,0.6296723196109361,0.3651473640570424,0.3148075637464864,0.9460518656793198,0.5397213139518773,0.6696465937354465,0.9370369598494344,0.9653187697399257,0.33796937944756705,0.42838660083582863,0.48929869705440093,0.37169073612448994,0.1668513381674652,0.9244767938112185,0.9657038169324168,0.7689999760059238,0.9593762362063212,0.6775333867125167,0.6388257386724431,0.9720051767910541,0.9454537469263263,0.5527264331772179,0.42714369064915864,0.9422322308039282,0.8102897369527581,0.9442456097662716,0.9403596895779307,0.5090009485310576,0.8845718149074366,0.9417119775578835,0.7910134706648857,0.9452581450169703,0.5589404777531876,0.46286719420002453,0.4710877842447432,0.5342850360840622,0.391035546193854,0.9718779272464168,0.5382833109984538,0.9750576771484522,0.3765110780551731,0.9467743193690951,0.3492554407660313,0.4385494908902476,0.9634493767456596,0.5730187285867909,0.572177447634347,0.43021666890723315,0.44103224407967895,0.6214806753152995,0.5616870400803947,0.7147596506042107,0.8639546460780105,0.8715480517582359,0.6454279308109429
549300C9KPZR0VZ16R05,0.18575643788712495,0.5861477756688345,0.35915892580484104,0.6139282990021946,0.6259215005833433,0.059069542942612345,0.5573468125692549,0.592317449730906,0.02293785693838873,0.7356667661083136,0.09375825217905209,0.5788986664619843,0.17517588731332379,0.191609629913079,0.10544578065799616,0.030341565240152954,0.030971934314362227,0.3585382102113623,0.23666859559375933,0.07136781938324108,0.418782645423824,0.09669718941267841,0.1786954313968546,0.2798502402796511,0.1568834174920103,0.12520555109027048,0.5858151209841196,0.6508119246062188,0.3983883640433206,0.6714214136327942,0.6981290635961057,0.6001535883113701,0.4691677409331639,0.604656551094559,0.6147569244721093,0.08966113962503171,0.13810599317374705,0.9999999999999997,0.14521937989196265,0.3473790513968942,0.06724507538494172,0.09035438565662901,0.6700411859359394,0.5969414796064615,0.149470770631441,0.4585472988558897,0.4393329753976811,0.6398798319349431,0.5112535919413373,0.6499035790084086,0.5494945053590267,0.40769492844575994,0.2641180929655763,0.4974371035939177,0.5886804466886052,0.33177750984214904,0.594486112170856,0.32513796301664843,0.2509919478168849,0.10842709699921387,0.7445710059673355,0.7701613981532024,0.8526529330283552,0.5767784429885244,0.06775251374138418,0.18362108945604116,0.13523653347811257,0.4701583224212871,0.16530041406933363,0.555694159885904,0.34113625652248225,0.12820455592545651,0.3394154685358829,0.24301361441773284,0.4343652225123262,0.2774569502690751,0.41733462030560403,0.023187354548892775,0.07904206917153489,0.5925866942203543,0.3872368933092873,0.2137454524620738,0.4993552305739338,0.022431612284031267,0.6736111855492598,0.7006541078592948,0.5926702485389463,0.5544931560754567,0.754462073626191,0.17376204327411768,0.6268794202411444,0.14678650531633305,0.6632207520070712,0.35467571215932797,0.8104871341677524,0.7458724478580798,0.0671862339707177,0.6390576678263329,0.5723241469442532,0.7252922372046544,0.6258116181212225,0.6144231158620169,0.6136401529936079,0.5579309058252674,0.18838577059120107,0.34968835781342494,0.5240069966397171
549300DYPOFMXOR7XM56,0.42863882567241507,0.7522810991903346,0.8187841248277185,0.501757500484434,0.6826706621014118,0.643547230065954,0.7974068164603453,0.7640520398807621,0.3881791244049474,0.6381716175308948,0.4518515212711242,0.7906243709852033,0.5364158738540894,0.33217995058980326,0.5909103014475924,0.4009570900063109,0.38444153070932585,0.5279931854007737,0.5325421162727347,0.514009311437647,0.6385379977659217,0.48055306620561433,0.6948711158051728,0.5643939948716028,0.5728392116552502,0.5181179819941164,0.40829264650069724,0.7162395984926658,0.6979288181038908,0.6525626147721759,0.6255549626730038,0.7456340837934737,0.737821321543113,0.7663376288401702,0.5482773832221729,0.23695819309979466,0.6253780248651198,0.14521937989196265,1.0,0.780079554885541,0.13826039790181063,0.5974128348333961,0.627699751309572,0.6928626597455682,0.6266964503377368,0.7585162665704908,0.7415263705992241,0.6868031317115066,0.587339717767816,0.42850605573546907,0.6162070465358563,0.6865603875372497,0.7137676612475019,0.3709795921986139,0.5122368221570717,0.6129266898269795,0.7222772140368463,0.5868556627040905,0.7168823986808497,0.6730885719119741,0.473881581483033,0.5809179192822759,0.5007091550746308,0.692264000730926,0.49518084880099184,0.727606131770332,0.5659828580607067,0.6944953474258768,0.6704798259431274,0.7246911705533042,0.8493537552381892,0.6140279695555555,0.5567782096701925,0.6715536890323424,0.7280617973292077,0.47335024816221344,0.4998178297408412,0.3857416570854974,0.4201344268364704,0.6463005003020783,0.6099990088160233,0.6781598006653293,0.7721625667432201,0.3845516239581991,0.6754258666327595,0.6235732794337351,0.5615297112240345,0.7137795125797033,0.5888778646654498,0.48736900071039724,0.697517143221067,0.5004158528014087,0.5647580698367839,0.6083971612215145,0.44481083061603777,0.6079570882475224,0.4481284540648642,0.7117148730270021,0.6314756842589817,0.5815940013914535,0.6304152531859015,0.719082420540372,0.7159803141127712,0.7743169403813118,0.512179557187512,0.4402025360694549,0.803001585883171
549300GKFG0RYRRQ1414,0.827427775950464,0.5956070405604574,0.9424707519846279,0.6272547500427843,0.7225115709483237,0.7822785506262134,0.8242206158122102,0.8053381557539908,0.741341719711804,0.6483654732112833,0.8162504680838665,0.8110603881058642,0.8584670935595717,0.20419384108337063,0.7657227868249873,0.7503515918712292,0.7461182439311345,0.8727530949716897,0.8701556898470046,0.8276862708159514,0.8991098108836176,0.8161897750708285,0.6653182226475111,0.8561463604246943,0.3505835713205046,0.8408139917639443,0.3807063608170782,0.7014792698089819,0.9278984058604917,0.6948247559002777,0.6207489763676671,0.7785954530779456,0.7278261267238758,0.726483312672225,0.515902017972131,0.19983157092263024,0.8827883997412246,0.3473790513968942,0.780079554885541,1.0,0.3731796053055586,0.5704153139045081,0.7844088975377876,0.5794010996927486,0.9099515777318521,0.5677191617356664,0.9332655419876376,0.8007789936950204,0.5834502290832962,0.5810738635218652,0.8689594091364252,0.8544767695423765,0.7192991248947042,0.5766856967841225,0.5666455266577864,0.9183582175203907,0.7294956776267066,0.6658526671342767,0.9330118469427898,0.8930119909206696,0.475308871920866,0.600874933312097,0.6678321110271951,0.5592642303167801,0.26226530043141244,0.8939255602460172,0.8881296781177536,0.8885140238905583,0.8875833522481127,0.8234403516622985,0.7986001699218681,0.8650375885497709,0.8919094930443857,0.6709857800791516,0.5687492165377969,0.8554321187881849,0.8652165548010823,0.7431932860226774,0.7841656701657271,0.7273590302269579,0.8933814142755343,0.8923446363784633,0.8929419280211118,0.7450909409141544,0.697012796204707,0.6064932803106363,0.6783521932030528,0.6802864010380286,0.5982680880510393,0.8309876115955398,0.6533279234414987,0.833504022327134,0.6229690456101685,0.9040685408087542,0.5305619087274784,0.6223206405632579,0.7836206066930208,0.6877392109867306,0.7287853669423648,0.6158405715380716,0.7128592222038134,0.7678652565601692,0.7359593991160924,0.8495263169367608,0.9024870137179062,0.8398163112641288,0.8262842062852712
549300HFEHJOXGE4ZE63,0.271163584780053,0.09488079900239707,0.3716708607856918,0.6120517732033668,0.29507874024314595,0.10722747560301889,0.2572546411798947,0.24617447631302222,0.1353449028524145,0.222473349837371,0.18074438631001669,0.2537350581235659,0.18963710066266265,0.05785756313769475,0.1419052313746402,0.14766318301872472,0.14080222671583634,0.2180184631713161,0.2100033187555816,0.16482927792139493,0.2693034254584134,0.15993955293432685,0.35150119807677305,0.20184254175484634,0.07901143112766668,0.1454700161402902,0.02303933116726217,0.23173986268582672,0.24131160545829394,0.24740412988578017,0.2610842389227907,0.31870623268493864,0.20551255966417978,0.23266161725920345,0.04289640533234939,0.0243054982564293,0.21066746630848557,0.06724507538494172,0.13826039790181063,0.3731796053055586,1.0,0.04880491460597158,0.35640513741706725,0.19248138466815784,0.3394073722820542,0.26461842908947525,0.27680841076284446,0.20576811044001989,0.34090958785920955,0.6517830596577604,0.3043493328775919,0.1994627720009407,0.32342550714486806,0.12420244425417228,0.35677117676724224,0.25010159918616914,0.3442741652961373,0.14405383208625483,0.19702651456499726,0.37224059438879653,0.0933369742250701,0.1297621590306817,0.19038953077686746,0.2554566205391217,0.037934332335722756,0.20631856543347116,0.2352123380771453,0.2068045822172286,0.1683222176094016,0.2386040889010867,0.189724204686753,0.1785058169621536,0.20415374612790807,0.37310244820098865,0.13029333008411526,0.2294630048394754,0.24464574571303063,0.13641497034886305,0.1539353913009121,0.24821855297227063,0.29260026318505333,0.20164733957131972,0.29192272974811034,0.14642081161886877,0.1412398075824805,0.11949390290092976,0.5685582099821841,0.26297741505368444,0.21992021666047062,0.18854117475857143,0.1319212281910319,0.17792678554537916,0.5135121274154011,0.2382808118103416,0.09929958374317711,0.13944085697160338,0.14195575661598564,0.13163234172313043,0.3446889351852481,0.26548750025269136,0.1562122017248677,0.2403306259137604,0.2784236202997292,0.30924902115779845,0.5549996063409905,0.23483485586328795,0.2233783744756016
549300L7YCATGO57ZE10,0.2614919625626051,0.24176021192374167,0.4343784760932515,0.2557093393416515,0.35988735854769505,0.34496609033136066,0.5243013928319603,0.463034796639572,0.2270974858803574,0.4676866010538283,0.3324944273502555,0.5216867024396842,0.36088020574136553,0.16486406263545494,0.5700315334295609,0.23251496582606063,0.22583457911423208,0.3156351059245537,0.322628024242735,0.3438735490033258,0.3408442465403433,0.30023389702744563,0.271788773861777,0.3203282163695501,0.3622443083244927,0.391049793558928,0.2872486604337885,0.39673906198058884,0.5798657108096551,0.45005522955874677,0.3467460094390845,0.41568438823325976,0.45724678641985017,0.3679347126555229,0.3877625853497786,0.16318874187883783,0.3188580079636183,0.09035438565662901,0.5974128348333961,0.5704153139045081,0.04880491460597158,0.9999999999999999,0.3895136065681275,0.3811957623705113,0.32687126625324975,0.5035719020293863,0.4430503699154368,0.4995398101292294,0.33058849734568857,0.21282651967530797,0.3182527420865315,0.37694386481093706,0.4559576957003128,0.35517341506471056,0.4621557978097391,0.3768734734802799,0.4239110112630393,0.34599950874541907,0.5748989682103427,0.2999579263457753,0.28496713598065043,0.3854474854520592,0.3526580784716573,0.3396205552568208,0.2748507556025258,0.4980704306028237,0.45307345161928203,0.598137504244307,0.3976073090442438,0.5626357126702962,0.5947700872085233,0.37009540249304,0.42324786303328016,0.3865117104485386,0.2397624798724954,0.30908734331810106,0.3591512378467156,0.22792473197414392,0.27612902717144816,0.6691856967866198,0.4233019298890672,0.4403756900690866,0.4519028356010853,0.22685115442112597,0.43004917761070666,0.35696603450303327,0.27833416016380175,0.3944200733055987,0.3135616649285459,0.2783513232712604,0.3329409553512614,0.2969632709959224,0.23544672620557375,0.41606484533243016,0.35607887777276054,0.4388331278622003,0.26980324355427543,0.34778891934061323,0.3482822355216785,0.3398313435280419,0.7697395505159496,0.4513284635950062,0.3959443479311635,0.4488406608990365,0.43704197276522944,0.2591530660998017,0.6032674052301225
549300NYKK9MWM7GGW15,0.5560829874118386,0.7613180743465647,0.834073655651506,0.8341804006777952,0.9521495251841905,0.4542111331348845,0.9322074542739981,0.9061939520513725,0.43535845125947903,0.9261884751110689,0.5107819781404007,0.9303922379932866,0.6131279177290295,0.34733335467592324,0.5302897466670705,0.4482799398270992,0.44137547334297794,0.7248994577802519,0.6460238484228915,0.5487444469940406,0.816015562762136,0.5295632583648796,0.6551085090704505,0.6884161918684254,0.6390498149885727,0.5692779687470996,0.7090252904202176,0.9350993049687136,0.8126671675993756,0.9544711582887216,0.9175232759720885,0.9109793070832762,0.9154824268478884,0.8015841103458765,0.8224090800266173,0.14202810066859814,0.6117785130384886,0.6700411859359394,0.627699751309572,0.7844088975377876,0.35640513741706725,0.3895136065681275,0.9999999999999999,0.8534945769522506,0.6213975151685381,0.7705673524032581,0.8684916202297895,0.9567302988043195,0.6765909657516459,0.8188707059203063,0.8205662065352685,0.8131465236807408,0.7200822775812079,0.4771156607795948,0.7809615424483661,0.7458621525877809,0.8894062329339703,0.6636302334141764,0.7323375904714929,0.6091033575335734,0.8588513558609705,0.8870933319661919,0.9374256431283428,0.8134346074624338,0.5456330068940171,0.6748077683540694,0.6047216104108516,0.8111088666778474,0.6078310176808565,0.9520832264795672,0.769890761356278,0.6001486337694164,0.7343061135351164,0.6330875750333611,0.6464920719593096,0.6547965399951581,0.68120788806992,0.4370525230265887,0.4744553852469619,0.8748832312642864,0.7837996822266835,0.7080612060055547,0.902014508027433,0.4382056750280695,0.9287161195462325,0.9056864115430284,0.8894635003938408,0.9182361856923535,0.9269035261435402,0.6027819506919655,0.8656467840471049,0.5865169788667842,0.8437083441713105,0.7711336805749486,0.8710596640847177,0.9005833735409076,0.4910809126896031,0.8930734284843495,0.901767159793708,0.9521554446815326,0.7873995993011519,0.9636938484480587,0.9130080639320278,0.9401233963381082,0.6303285236964669,0.6181739878994965,0.9162414964790686
549300OLBL49CW8CT155,0.1988839670969468,0.8905099261223528,0.6683090829239047,0.7327558713362907,0.9372129514962061,0.35361539720535584,0.902768825755968,0.8976519791076439,0.12323055673633865,0.9515830490301473,0.19006321144191823,0.902740040280082,0.32421773262682724,0.3901300515346294,0.29335754029394384,0.12960934221484186,0.1272535048520015,0.4240521527369639,0.34589932100724863,0.2646073379353799,0.6039927834328078,0.24105047488158732,0.5993296244281411,0.42637204865981493,0.7501342235189776,0.2897963359178751,0.649287319171245,0.9448247124861515,0.6497704424387739,0.9456748393464256,0.9612730238896305,0.9109346411989743,0.8713990431253319,0.850774476646632,0.881188554841046,0.11133153075449968,0.3872107474109848,0.5969414796064615,0.6928626597455682,0.5794010996927486,0.19248138466815784,0.3811957623705113,0.8534945769522506,0.9999999999999998,0.3833261457683195,0.9081933422122525,0.690272188797711,0.8902022844456426,0.7971330387899863,0.7058267306895255,0.5434841747329695,0.5946452063472379,0.659537950488414,0.30681767803735527,0.6452277970009817,0.4810305404073624,0.9042236441822796,0.607062053172791,0.5417747534411046,0.3978443981875085,0.9151198860875001,0.9276156328715192,0.8455024984208745,0.939475556674261,0.6639680869069473,0.48211411559585476,0.32130619619392764,0.6326534911502373,0.44914020670261245,0.866523479395844,0.7866662199900407,0.3659485989678361,0.4496604055356623,0.6115222778070154,0.6725645564832554,0.3179009459967854,0.3329929654636738,0.12384704496214355,0.15855760763322138,0.7869879102454478,0.5537294171333643,0.500478164782628,0.7663800987228255,0.12572243488764523,0.938459815390068,0.9478049269177038,0.7793319039193796,0.9481570972615312,0.9372734373705283,0.2961287510779303,0.9174399873119341,0.29261650744397366,0.8079802841242734,0.5239884368429848,0.8392104452917666,0.9320602469273089,0.20082056217172678,0.9360343292434754,0.7858015378934068,0.9355826031407037,0.7456183031434297,0.9280123668319579,0.8908289072022146,0.8793238807765282,0.29739456266731074,0.26581966723358574,0.8886370551112556
549300Q3OIWRHQUQM052,0.9340525419937556,0.39928384671053946,0.8567624811036908,0.4470025709608026,0.5421030353225486,0.8518443182925219,0.6655997093991978,0.6707367968608571,0.9113936694078358,0.4125561836908642,0.9377133746187645,0.6222923707462621,0.9481325019265496,0.10550008805347086,0.7833150868930008,0.9142177491631702,0.9150073624528696,0.9178167674858178,0.9540006663072058,0.9461634843346116,0.9244564929104676,0.9455491479056769,0.6373302616988181,0.9265587119737124,0.17514386855098035,0.9389799229139232,0.20231744671822674,0.4908243143686769,0.8695798878389377,0.4913091116822238,0.39690643890303373,0.6427656224435451,0.5580536007407769,0.5747649607078352,0.30988863785245624,0.15551965836114573,0.9746090086630266,0.149470770631441,0.6266964503377368,0.9099515777318521,0.3394073722820542,0.32687126625324975,0.6213975151685381,0.3833261457683195,1.0,0.2897782577871935,0.8865449833390807,0.6433784759391644,0.5128411991454371,0.3838519346215781,0.7892010272572615,0.8466875590269473,0.6124022858749243,0.462265616542527,0.3699274602392509,0.9507364679732389,0.5905668974271628,0.7163740058042353,0.9158739941527264,0.9673392601799318,0.2875269839722933,0.39500253307919125,0.4772081864239745,0.39206148751115083,0.1157667910859196,0.9179052239745997,0.9592690414990608,0.8055121832528395,0.9498469936092881,0.6551254308063067,0.669466899149386,0.9427154039716734,0.9255840060749706,0.660539719173596,0.3921590101969496,0.935886115082218,0.8431017386284204,0.9132382579840775,0.9286085964297187,0.5174351859740891,0.9127197822815487,0.9456256662076535,0.8015932305195397,0.9157925727433252,0.5225792653493821,0.4187102708088129,0.5056840408028273,0.507322693933407,0.39689660088563616,0.9443948234941,0.4892585725043948,0.9499146995268173,0.43167409318480443,0.9318557267236313,0.3474276766478444,0.4037972403386244,0.9352242012578796,0.5247199496118917,0.607448810216484,0.42112244274720695,0.4743884154760031,0.6193254058475364,0.5960945564077144,0.7133530367848255,0.91869049302221,0.8878018625529113,0.6273618770794694
549300RG3H390KEL8896,0.12113537680631557,0.8535537750796116,0.6807021253589753,0.7436060788743678,0.865688181966538,0.2853774392970428,0.8340971896948447,0.7918555162433949,0.02508160914471446,0.8732132180497457,0.10686486134233333,0.878715020787787,0.23944762389561688,0.43439830187841866,0.25682177459062566,0.029440642119977437,0.02564589431782557,0.3296214872985221,0.2510656657941753,0.17564852414643656,0.47714531717827235,0.14035350196037572,0.5987072057050181,0.31996623383050626,0.8048957689938249,0.19811020676321217,0.5384985652337757,0.9118701887191158,0.5626462222598899,0.8614397970266521,0.8924794040732069,0.824904707710584,0.8573109474639221,0.7729322847508387,0.8322985545697802,0.1748972556608492,0.2947913818717926,0.4585472988558897,0.7585162665704908,0.5677191617356664,0.26461842908947525,0.5035719020293863,0.7705673524032581,0.9081933422122525,0.2897782577871935,1.0000000000000002,0.597105792374149,0.7939372330318193,0.6392267616860284,0.7263248043840376,0.5078864566133535,0.5057578460370754,0.6861463803118679,0.3223890239187232,0.5803206901340202,0.39485746712255065,0.8156671020698457,0.4584571113836067,0.4758631904261262,0.35819436208304983,0.7916278703243401,0.8026304056744155,0.7279564498312233,0.8833827158904903,0.7357023105551503,0.4364936186990838,0.24914904026005755,0.5672047022850367,0.3279875843245741,0.8164005400273838,0.7242626635378956,0.2927697055004246,0.33623980931167036,0.5431070499205326,0.7598430814089671,0.21225290817583467,0.29939225734499586,0.022247282876814708,0.06417716921331339,0.7355712929994145,0.4468481607603429,0.4081231801202434,0.7217208333300622,0.024473287935880467,0.839651936663734,0.8446947753397709,0.7857821698352975,0.8867735252190233,0.8509051077738566,0.19445001793839412,0.8284681403585402,0.1940768748667133,0.7904660484034632,0.41661352733557705,0.6832171068512362,0.8339343959711696,0.09640583757567368,0.8359642050191156,0.7313544508258829,0.8337650910683795,0.695434856605039,0.8292625912252423,0.8067708892856014,0.815505794783968,0.28302079617427556,0.19891558305756077,0.8632182662226617
549300TK038P6EV4YU51,0.8280312457926188,0.656449204337027,0.9411361917445258,0.6818650008405444,0.8141608659739911,0.7764760847863301,0.8923362084926004,0.891263276295482,0.757183744232865,0.7311035663798429,0.8119470226103779,0.8632151604306761,0.8742375302715524,0.25139440151774267,0.7771233514162458,0.7647022125285277,0.7593291313552262,0.9125552615301238,0.8984797918433411,0.8450013031025468,0.9488146573988613,0.829952103736646,0.7330960835055209,0.8985489708724045,0.4791636293407762,0.8534435625527534,0.4552637446885019,0.7937017935785238,0.9483011207360329,0.7939151772000518,0.7258135126736276,0.8540537190058436,0.8213395335072082,0.7639189798386458,0.650868471436161,0.1759043388386955,0.892879836308525,0.4393329753976811,0.7415263705992241,0.9332655419876376,0.27680841076284446,0.4430503699154368,0.8684916202297895,0.690272188797711,0.8865449833390807,0.597105792374149,1.0000000000000002,0.8893674814406823,0.6168297343434226,0.610937305377794,0.88993532511133,0.9480505916485721,0.7807117474629963,0.5163497190736548,0.6131880138237307,0.9336600803502779,0.8019625875774965,0.7330090519417827,0.9299379630168333,0.8612106480205829,0.6386546857609565,0.7201587640530834,0.7738547500746233,0.6482127693542865,0.3916869776865253,0.8968168440484229,0.8741689551119248,0.8924945718225584,0.881815288350933,0.8912907765020079,0.8272337481160743,0.8871162297408567,0.9214382990182189,0.6482308476821056,0.5713100844823172,0.8773026893675133,0.8418836401202511,0.7565746083446165,0.7864260920269424,0.784028089026308,0.9120573066912292,0.9222582257277016,0.9217988643587134,0.7567047245699481,0.8252128653555114,0.746679555442812,0.74876347336372,0.8005837273208923,0.7130976089245908,0.8591036582389587,0.7842010747294912,0.8553131502676854,0.6862128687905867,0.9382813536957237,0.6354464609852739,0.7356391207997192,0.8011458777523771,0.8120647980073259,0.7931698589449983,0.7461238594859748,0.6942937612530963,0.8691067330409448,0.8244965530778526,0.9279601183802706,0.8246516268679508,0.8350181819681389,0.8846216908971613
549300TRUWO2CD2G5692,0.5486972617855552,0.799827484769678,0.8264559913103987,0.7575985415925636,0.9503173881152057,0.5506406889159252,0.9661593388444856,0.9578740016384483,0.4880513730707975,0.9442407819866758,0.5554024576462835,0.9656618450037655,0.6630068652143334,0.35975310740857447,0.5608750338148025,0.4924835126100695,0.49020334907529983,0.7451151744610315,0.6806530260516206,0.6022537732677311,0.8473829695424603,0.5863181912486545,0.6572886456909642,0.7177952890219231,0.6416587681875139,0.6358588235676753,0.6677942052994316,0.9424830803378772,0.8910649587587629,0.9717679905197075,0.9162816769486387,0.9348607382016506,0.925270221591957,0.8034778152143907,0.8598033213891129,0.1664971294217661,0.6676902597440757,0.6398798319349431,0.6868031317115066,0.8007789936950204,0.20576811044001989,0.4995398101292294,0.9567302988043195,0.8902022844456426,0.6433784759391644,0.7939372330318193,0.8893674814406823,1.0,0.7140024255185891,0.7124736018697563,0.7798101503182333,0.8282882450034734,0.7581096706630965,0.4489092031529351,0.6913150538855095,0.7700486875681056,0.8977192739882147,0.7183934159055,0.8082116786972124,0.6368082226468885,0.8943563041143451,0.9303805585866357,0.9384828580244611,0.8395840554376385,0.5498933082438793,0.7378359025724304,0.6554451746993551,0.8471378331545981,0.6870870557645954,0.987970756231939,0.8200289203113145,0.665388287695388,0.7759146392518663,0.6301491047605271,0.6527008384055559,0.6671620157330773,0.6469490029274347,0.4879672816446893,0.5159949633338192,0.885689859776675,0.8096288141121853,0.7586416499896995,0.9185702282113575,0.4885720432618968,0.9778024080130012,0.946620490226099,0.8218019326258836,0.9427062951630111,0.9166579844690158,0.6398302150171604,0.9196647358986701,0.6317845174866422,0.7816499589599825,0.8163128345994425,0.8782092757837593,0.9459539103544948,0.5500061454966587,0.9457647003013017,0.8671334824399655,0.9336441238462284,0.8429705965047773,0.9811861396648605,0.913973975464296,0.96258881791232,0.6047288376338293,0.6055817327604658,0.9619156174900092
549300U4LIZV0REEQQ46,0.3086179219979115,0.6430104753532956,0.5706349936126011,0.6493382399746261,0.7157880820761046,0.4269256624301625,0.7794722181322631,0.7992341665285048,0.219942930504897,0.7640813209275573,0.2858383051239121,0.7183698563341886,0.3671078685065845,0.2590806611970257,0.330691855420151,0.22792804487438628,0.22645603963455177,0.43639340879625116,0.3901590488453468,0.3145733783789545,0.6281760208572591,0.3120368324427909,0.5919325402941842,0.4873555484259771,0.3652750415107804,0.3397563171705331,0.48126806830623137,0.7044104446137648,0.6009650965281239,0.7117124813660227,0.7162366928544663,0.8630001717662374,0.6044244931054662,0.8727703046892725,0.5887677444717901,0.1356367246002376,0.41783887870451913,0.5112535919413373,0.587339717767816,0.5834502290832962,0.34090958785920955,0.33058849734568857,0.6765909657516459,0.7971330387899863,0.5128411991454371,0.6392267616860284,0.6168297343434226,0.7140024255185891,1.0000000000000002,0.6397838651700423,0.5305135311585251,0.515753495085735,0.5351074296757363,0.4871345453420306,0.5700554742613714,0.5294783781485758,0.9030088535726977,0.8026329695975633,0.5314206918056779,0.4623074020831595,0.6351595480085137,0.7057644873342159,0.6718830337882699,0.844784522961368,0.27510045980676207,0.5337277937545464,0.40097070643356736,0.7074749774454747,0.5221730426726056,0.6712120253358748,0.7655853441439318,0.39416329978308895,0.46630154288979647,0.8584851476686218,0.44415725023463964,0.38418772311447696,0.3903418126624797,0.2201999204400325,0.27886623718362036,0.6381662511940259,0.6632640145580039,0.5730338114376156,0.7212749252249162,0.22501472773792658,0.7152108765168869,0.6886099100210695,0.6447790066050958,0.7032459042466451,0.7555510012134317,0.3404923913583884,0.6766585386328151,0.34957841695196445,0.7238704763834406,0.542838712168431,0.7130031540979337,0.6961150852144716,0.29483161402652824,0.6899020200777942,0.7293863808379554,0.7018154747585972,0.7294310691822317,0.7742618838220372,0.8426261936085657,0.7447147879421323,0.4356399232236798,0.3553796771504894,0.6818651523586378
5UMCZOEYKCVFAW8ZLO05,0.3370235071531748,0.6209105204095273,0.6472999181447312,0.9801208825536724,0.8106341130699863,0.23171203645999516,0.7215088726434851,0.7220810733827238,0.14170690173257902,0.784231732358971,0.22049155276731125,0.7417817986376029,0.3032069913227193,0.30977637589417073,0.2218774776572541,0.14615847413746696,0.1411723161956245,0.4620135626517411,0.3606664598297277,0.23065998278079627,0.5368087521977944,0.221174235671232,0.659860147523384,0.4054351104540304,0.5042965231181666,0.24362374354449645,0.4807887077444856,0.8084449524686022,0.5159626929701024,0.7588070007826967,0.8234349629112367,0.804225315731833,0.7129525904319604,0.7327472574695482,0.6300829949891865,0.14084533814277128,0.3076667584879741,0.6499035790084086,0.42850605573546907,0.5810738635218652,0.6517830596577604,0.21282651967530797,0.8188707059203063,0.7058267306895255,0.3838519346215781,0.7263248043840376,0.610937305377794,0.7124736018697563,0.6397838651700423,1.0000000000000002,0.7158069342065405,0.5096280822063541,0.680989912558261,0.5296516862626386,0.6357138026152795,0.49298465920429974,0.8090353386296605,0.4515949344985909,0.41146756682328023,0.3860411378755931,0.6644487611786424,0.6886482867390226,0.7662289672278069,0.7348756940526322,0.4367408554288011,0.393240388096362,0.3171818144789439,0.6109353333236194,0.3113796600154353,0.7111093341996702,0.5618747689754311,0.3385211092215372,0.4116278820945368,0.5469903897675321,0.5192866656949598,0.3747924817415946,0.5192826803980475,0.13353171371184178,0.1909374582699421,0.6446906630068815,0.5500261827189097,0.42462166446732363,0.6945837365786991,0.13880960675280224,0.7114232345446855,0.7033312219977939,0.9612622274300063,0.7639406129171684,0.8251700469352667,0.29726066946338026,0.6951823725673458,0.2812097263691614,0.9635731237679863,0.46868421535794574,0.6606796663524016,0.7065365811117365,0.18654221024337067,0.6804944744685043,0.7908290122721217,0.7866403268041862,0.5956185297866636,0.743237639185145,0.8110987754612424,0.7773235239035148,0.5223447848600551,0.4382351255566548,0.7186375159909337
635400AKJBGNS5WNQL34,0.8035567126230302,0.5770546355962681,0.8615305503935635,0.7551978076466145,0.7428752195602273,0.6868931009232915,0.7880470543733369,0.7879338148331525,0.6741574551476652,0.6634743245946358,0.7354391246182186,0.7689478296583028,0.7727609572638571,0.2699673581946459,0.6290690867906044,0.6839391055475239,0.6736361436987612,0.8764202193843345,0.8268042365148035,0.7324316568899363,0.8534542839362901,0.7330657215821771,0.752346838105242,0.842732642115634,0.3385040929278342,0.7407831718451228,0.47667949007473753,0.7380974980952308,0.8026382143422656,0.680923536166028,0.666540036340329,0.7939799457567942,0.7343133571385049,0.7538809040579127,0.5583286956326882,0.25577631361202746,0.7665482275820519,0.5494945053590267,0.6162070465358563,0.8689594091364252,0.3043493328775919,0.3182527420865315,0.8205662065352685,0.5434841747329695,0.7892010272572615,0.5078864566133535,0.88993532511133,0.7798101503182333,0.5305135311585251,0.7158069342065405,0.9999999999999998,0.8348273996905111,0.7485841878126205,0.7155692879512026,0.571919177380145,0.8858530020424471,0.7479481574217094,0.6556965437098576,0.8037056316151191,0.7456538888671342,0.5165047482134729,0.6114115726052393,0.7513976625403187,0.550926094301015,0.2726676567216058,0.7973384642926654,0.7769997773412469,0.8794740077668785,0.763660668979829,0.7785860170357536,0.7228777637666339,0.803526879529613,0.8294642349133106,0.5936750069137532,0.5253170724216055,0.8337141022856374,0.9172478880962853,0.6675328046007417,0.7197651996315952,0.6442139841372627,0.8576018427970741,0.8258416185512404,0.8646888093372174,0.6667483060838425,0.7116796175593669,0.6387267092380892,0.7911047631177289,0.6882171870122545,0.6927160479000424,0.7762579333135222,0.6859422085173286,0.7669996660356234,0.755233288954027,0.8351362916988704,0.589752013794271,0.630440223002397,0.7066630034136054,0.691109550543784,0.806964812527638,0.6550414232433697,0.6258888346564503,0.7580835656526711,0.8049178903854652,0.847849251271046,0.8056089463002325,0.8856969224384053,0.7795655529735431
635400C8EK6DRI12LJ39,0.8162062236919222,0.5993844909789078,0.8910781009126679,0.5926105716138836,0.722199721109728,0.6972091807937715,0.8175740033248502,0.8249293523654628,0.7828452923289437,0.6566490438946472,0.8143929294888692,0.8090723598614841,0.8860629745802251,0.2834526246083458,0.8313809815402686,0.7862499905660062,0.7785576377887701,0.9022295700488219,0.8948681087520141,0.8434851421629385,0.93880569705374,0.8308995972040425,0.6681079284954649,0.8878184175338778,0.3937949845709497,0.853086326271223,0.48026681792324755,0.7124724379796716,0.9023742801455669,0.727983732398847,0.6155521447809681,0.7670589079141279,0.7675882712113362,0.6489948163483852,0.5611994753140545,0.2217085324471101,0.8746328933761667,0.40769492844575994,0.6865603875372497,0.8544767695423765,0.1994627720009407,0.37694386481093706,0.8131465236807408,0.5946452063472379,0.8466875590269473,0.5057578460370754,0.9480505916485721,0.8282882450034734,0.515753495085735,0.5096280822063541,0.8348273996905111,1.0,0.7187184906652322,0.39408468127514473,0.6400727411690734,0.8946538209026637,0.7248299473771457,0.7357403480616795,0.8865165948309165,0.8512220042372293,0.6149330248565453,0.6759113168790204,0.7294083310607846,0.6114290155710187,0.3043147041483945,0.8981790877624738,0.8540085625738486,0.835507332812397,0.8154140864808873,0.8302402691083717,0.7034067799087411,0.8613885794037367,0.9193452235209706,0.6128906019250944,0.6142464699096108,0.8759961200731271,0.7899451861290638,0.7796875073936387,0.788280093736438,0.775429140690927,0.8817741089725195,0.896692063353233,0.8946687853424572,0.7780910080125052,0.7714884050630543,0.7056753094560995,0.6602785093356351,0.7321983115700323,0.6520909269193879,0.8703029626955564,0.7361834062110406,0.8592691777616985,0.5780849481415379,0.9334549659277764,0.627684824040647,0.6905600983273524,0.8163519264215549,0.7583684083578418,0.7578687069143063,0.7050219700603337,0.6371515688691527,0.8147719102373924,0.7497655017363364,0.8475438134006522,0.7648153855946563,0.7983633244237864,0.7908638713153282
635400L14KNHZXPUZM19,0.5109160669639725,0.6322355533534496,0.7464414593533827,0.7986441166307112,0.7866420952288543,0.6794673790011388,0.7681616006542399,0.8393260907970586,0.49455698099101975,0.6892951055583325,0.5231802463925967,0.7731305319800797,0.5912969828688954,0.28665821181988543,0.5057285805172844,0.4754098819899608,0.4710247105130805,0.6216415426182982,0.6188895844908345,0.5757526063671886,0.685478367188823,0.550513811370051,0.9412547435872013,0.6383429058358605,0.5851633682965774,0.5833982174357382,0.4399205443431945,0.7650164006743185,0.744832181405612,0.7179951191108994,0.7098933054470079,0.8113703234807865,0.7912849368550305,0.6551770775974605,0.5998185128227592,0.159749284007383,0.6296723196109361,0.2641180929655763,0.7137676612475019,0.7192991248947042,0.32342550714486806,0.4559576957003128,0.7200822775812079,0.659537950488414,0.6124022858749243,0.6861463803118679,0.7807117474629963,0.7581096706630965,0.5351074296757363,0.680989912558261,0.7485841878126205,0.7187184906652322,0.9999999999999999,0.34174630461370503,0.4511881505759595,0.6632806520754017,0.7725745356346666,0.5616204540949773,0.7233456997681177,0.6225143388621733,0.5671393921956289,0.6371966617784911,0.6038540597842624,0.6575328489815148,0.5316245216132025,0.687465726815659,0.6209496672726973,0.7410417837928288,0.6487144559029108,0.7809970765678247,0.726513443590639,0.7354270011329538,0.6298003157349977,0.5411366354907395,0.49313802382219507,0.5674044201255642,0.5432452225963227,0.4710087022178634,0.48720613704381355,0.6357827802562165,0.6626829901647185,0.709051020412249,0.7616543152665264,0.4720418582117258,0.7537548085430252,0.6964841013365306,0.8271183004312257,0.8200723310033514,0.6825146230217516,0.5715684281318185,0.8092777223554736,0.574534775809249,0.7791261177763859,0.6714086971027787,0.5048934818413784,0.6712290440570597,0.5283337071801814,0.7593963971897557,0.6933763825601513,0.6577543011989874,0.5743633635462476,0.7471601799908457,0.8012871790400878,0.8579239191435174,0.6113168571667918,0.5279244536230477,0.8400990754376532
724500A1FNICHSDF2I11,0.5384059004649394,0.25699861156663323,0.5280623188796079,0.48443219286924677,0.39163185068962214,0.3433864833653623,0.508835868275334,0.42821849870936635,0.3260837326172958,0.4187966609074547,0.4245305331938301,0.455838223701688,0.4204259702601238,0.08144058971673211,0.36377260900810143,0.34527722078267975,0.33778169298836674,0.5403616361145207,0.4680268106452561,0.37965608292889114,0.48064196118801583,0.3787046623861394,0.40084880143363505,0.49367102869194623,0.16755109310933466,0.39911083061601593,0.14376166659669204,0.46027792571967724,0.43104655481356685,0.34746768889568497,0.40264364590204005,0.5453697799310762,0.386955636235523,0.6706708069440587,0.3480503240162107,0.15853432786279034,0.3651473640570424,0.4974371035939177,0.3709795921986139,0.5766856967841225,0.12420244425417228,0.35517341506471056,0.4771156607795948,0.30681767803735527,0.462265616542527,0.3223890239187232,0.5163497190736548,0.4489092031529351,0.4871345453420306,0.5296516862626386,0.7155692879512026,0.39408468127514473,0.34174630461370503,0.9999999999999999,0.31558983953739195,0.599931150258985,0.5459608442383823,0.5343648263354754,0.4423464680188772,0.35763199795644474,0.2108904716658043,0.28906716828993845,0.4877010873037615,0.359019672951022,0.13217031892871495,0.4750405495188201,0.45920063087469276,0.7237139660601186,0.4135879833170658,0.45834616332121536,0.5612965890065843,0.41032000318872247,0.46062455654796486,0.5525857532217239,0.26115235834474293,0.5001648578230271,0.7696641640383178,0.32835976509197656,0.43361738860140586,0.3841973723640942,0.6198577928454603,0.5347925073309404,0.5682466813583242,0.32784269713200803,0.3746565959209289,0.29112738077274236,0.4772631406675242,0.3017003484282427,0.45382891269331344,0.4044326152552761,0.2747384639232844,0.4145792270584136,0.5259686588853478,0.4734861826384448,0.3639799860378241,0.31423787753532423,0.3623619169366304,0.294149709682116,0.546125214831047,0.3265632523665733,0.5525351294128512,0.4515740672604387,0.5840316248306622,0.5008580515740774,0.5355613022562259,0.6762694285232322,0.4721878052495094
724500JIWG886A9RRT57,0.31787626873933794,0.5096066500018432,0.5650825008584343,0.6367866643417192,0.6594675091293327,0.20128579076712572,0.7039890049201902,0.6809341405238073,0.15800685871878473,0.7486276386791315,0.2547832026292754,0.6996059839386428,0.3355705801267332,0.40480619565829795,0.582518559792368,0.18197695111962647,0.16386919649176096,0.4400890012810687,0.36204694959687633,0.2716737237342434,0.5251759304922955,0.2462529239809859,0.377059076087827,0.4212999269663366,0.3837831028049159,0.295551809221065,0.7594995610990373,0.6557769555123867,0.5669566727928297,0.7329178612665,0.6635068678887323,0.6548183885888031,0.6508329797912705,0.6336494600843888,0.5588836666806507,0.27584601579362644,0.3148075637464864,0.5886804466886052,0.5122368221570717,0.5666455266577864,0.35677117676724224,0.4621557978097391,0.7809615424483661,0.6452277970009817,0.3699274602392509,0.5803206901340202,0.6131880138237307,0.6913150538855095,0.5700554742613714,0.6357138026152795,0.571919177380145,0.6400727411690734,0.4511881505759595,0.31558983953739195,1.0,0.43188981482036565,0.7075438919074926,0.4966428858820004,0.4959990836697507,0.33459862524951306,0.6489015419345269,0.7171342176763517,0.743861751286266,0.6257197845928223,0.24148945411954617,0.4726265961437533,0.35904128426750337,0.6105505796819127,0.351215751500463,0.6801311261054717,0.593008620474149,0.28971777784974956,0.492949607553566,0.5260426565002374,0.44550038454202545,0.3994711990651511,0.4550127856556583,0.161951422142064,0.21080550032805465,0.887253700835652,0.5158025693220856,0.4273559647022712,0.6228483008145679,0.16140371158059824,0.6817798821406967,0.6758047800760606,0.6409317953306503,0.661604179556147,0.7070899265243891,0.3066161732100129,0.600373169543027,0.2836066708520029,0.6310952769463699,0.4920277126700769,0.7671760427382897,0.7262316559089841,0.21110554662646244,0.6226790944444326,0.7309316633859039,0.7830974232756387,0.7814716443724851,0.734562179970657,0.6815571452247096,0.6580502689718908,0.44912801178533807,0.3412428418635324,0.6752379068658457
7437003B5WFBOIEFY714,0.939865582800925,0.46932310821071066,0.8924119217404616,0.5444164597626322,0.6519541718406601,0.7815319130962222,0.7648053011834334,0.7428884624162289,0.8925734310108372,0.5531888679501468,0.9327467844329299,0.7305091100270102,0.961041703213057,0.16322604885649966,0.7665288301848033,0.896632870503039,0.8971878230796226,0.9755481395642419,0.9722065802690162,0.9385853927797705,0.9675272218535472,0.9349970467886217,0.6606470702945358,0.9571706490651248,0.30868718809953866,0.9443631469972943,0.3142283440462733,0.6307964377501855,0.9127925917631302,0.617746755829479,0.5326882911507543,0.7341408663688771,0.6830462650467383,0.6446918631902856,0.48084292179446125,0.16813408795230111,0.9460518656793198,0.33177750984214904,0.6129266898269795,0.9183582175203907,0.25010159918616914,0.3768734734802799,0.7458621525877809,0.4810305404073624,0.9507364679732389,0.39485746712255065,0.9336600803502779,0.7700486875681056,0.5294783781485758,0.49298465920429974,0.8858530020424471,0.8946538209026637,0.6632806520754017,0.599931150258985,0.43188981482036565,1.0000000000000002,0.6765703273532906,0.7704326474167064,0.9344352711883491,0.9152273878903323,0.44766456708202923,0.5225938981509246,0.6437036080163296,0.4915062506929387,0.2533081137140163,0.9303211687768226,0.9577445347780216,0.9013985429584149,0.9111963690688414,0.7833682693163773,0.7153132081384974,0.9377252124554808,0.9671105721737798,0.6664736769301636,0.4701114835448966,0.967262626392288,0.9239845881101095,0.8939172883701497,0.9211885199585866,0.6159106927896822,0.9732232455724024,0.973377068472127,0.8904479566805299,0.8949239923805737,0.6546639470023803,0.5588045252803059,0.6135462775625833,0.6124481567592022,0.5529545992886523,0.9572429329285558,0.5904832806662923,0.958411534925743,0.530813976511246,0.9774453087393298,0.5067454355567261,0.5417430180335736,0.9214908715242126,0.6268061345303796,0.7206977733111072,0.5563905682061143,0.5921115155419648,0.7353185965757799,0.711032631149729,0.8012098916345027,0.898971965958075,0.9432172868633315,0.7328431474333489
7CUNS533WID6K7DGFI87,0.4416718502204335,0.7837143722306394,0.7731217697160926,0.8421802857154816,0.9115931836567603,0.49946191046448835,0.9338843676351045,0.9415571243690838,0.33361645603868206,0.9168823508169639,0.4052938840303348,0.9110939453040932,0.509985420542503,0.3688514631730665,0.473778713936196,0.33620719879610805,0.3319422451935697,0.6078034081089073,0.5405582632018359,0.4494120209781415,0.7582514838266485,0.4312108786642641,0.7734958679474929,0.6151627521769619,0.6084305753663433,0.4720683246043289,0.6309523044105676,0.9144747136975121,0.7476027682272306,0.8934826983004649,0.8938187485575805,0.9870975240873457,0.8558854124175712,0.9338697209212461,0.767880907586294,0.1852693572210354,0.5397213139518773,0.594486112170856,0.7222772140368463,0.7294956776267066,0.3442741652961373,0.4239110112630393,0.8894062329339703,0.9042236441822796,0.5905668974271628,0.8156671020698457,0.8019625875774965,0.8977192739882147,0.9030088535726977,0.8090353386296605,0.7479481574217094,0.7248299473771457,0.7725745356346666,0.5459608442383823,0.7075438919074926,0.6765703273532906,1.0,0.8089737980975686,0.6760598594288038,0.5670172798127378,0.7948210832026059,0.8481271483843644,0.8434027047362685,0.9314731436714867,0.5154361599985556,0.6660039466366918,0.5275242112631455,0.8425986215080629,0.5965162339497364,0.8826294097180574,0.8515880130783047,0.5523371317149764,0.6169363453701335,0.8275459071028984,0.6247782371294315,0.5270768077062762,0.5679096651607973,0.3277598803793653,0.38093150925497565,0.8137682421484727,0.7689593849047763,0.7007012992552004,0.8905339230093555,0.33064025783986495,0.8993124945279507,0.8683792973827125,0.8642977978736996,0.9052326546513892,0.9240152209835084,0.4848300690187301,0.8664866252736042,0.48449287527719037,0.8883178699445852,0.6876466578121434,0.8270352860359232,0.8601031025687522,0.40457949353552985,0.8689743129992614,0.8967997998019178,0.8853614174091552,0.816529356042618,0.9445531685562184,0.9866179711627596,0.934108834847976,0.5494718507649892,0.5032577606640458,0.893694545364445
7LTWFZYICNSX8D621K86,0.6101298232709818,0.46472598571562684,0.6618003488964447,0.4856771864649359,0.6205202596736744,0.5557621242964985,0.7705740045420008,0.7420601933647153,0.5960338668380855,0.6181328781245903,0.627494838886816,0.7142681258023647,0.6874094425817684,0.3928780178395581,0.6305024346244334,0.5999676721239452,0.596099428652905,0.7276948899042819,0.6843859734194594,0.6553330222470649,0.8128915971543402,0.6487677331872024,0.6398956860523657,0.7492802485241052,0.3759366425353976,0.6686841802062607,0.4156838783646003,0.6202907788889349,0.7336950702074397,0.6170107628709136,0.5433780267964566,0.7917183065637214,0.6723083993122024,0.7311921530479669,0.4985408305869293,0.3297794675172215,0.6696465937354465,0.32513796301664843,0.5868556627040905,0.6658526671342767,0.14405383208625483,0.34599950874541907,0.6636302334141764,0.607062053172791,0.7163740058042353,0.4584571113836067,0.7330090519417827,0.7183934159055,0.8026329695975633,0.4515949344985909,0.6556965437098576,0.7357403480616795,0.5616204540949773,0.5343648263354754,0.4966428858820004,0.7704326474167064,0.8089737980975686,1.0000000000000002,0.7352151648112923,0.6601212276047643,0.5254845246434344,0.5580565713476483,0.6129320217172743,0.7021832502840785,0.3173203338701461,0.8199099675716071,0.6903590883430276,0.8448436923963888,0.7125724803249082,0.709382963168417,0.7478839233094963,0.6657288170168313,0.7294683019829066,0.8900470447347524,0.4153182633032706,0.6780482554365727,0.6116229773182587,0.5960599450725792,0.6250641023939886,0.6222275812631387,0.869892300893349,0.8389286381817282,0.826211315974166,0.5975369310023221,0.6652614803180671,0.6041125406443548,0.5298133636099187,0.631579079073683,0.6476031698721321,0.6726804015784961,0.580545585677768,0.6824688288946332,0.523216960155494,0.7797977682321618,0.6327416909163878,0.5773376986904118,0.65275559353719,0.6041065545881408,0.807438439591192,0.5909693115884197,0.663586131901533,0.7647042074739462,0.7953035278770695,0.7337056448348788,0.5970326966628885,0.6124323479385352,0.6597279002714128
7LVZJ6XRIE7VNZ4UBX81,0.841652609811092,0.5064818031324577,0.8616101085994349,0.49446829556065447,0.6761823620139297,0.856580603273172,0.8029852939435356,0.7994716395241112,0.8464634019000705,0.6025653403727211,0.8919214710735075,0.7750457953663746,0.9280593356573755,0.25056278932157017,0.8220663568157901,0.8482663905133836,0.8458718888649122,0.9139831890558794,0.9276256742613612,0.9185702360627883,0.9273901709287677,0.9074108524695692,0.6595286587796609,0.9158310979009043,0.3612774769830162,0.9336320588602784,0.40610584924041243,0.6388121757006833,0.9736850395613715,0.6732068031515739,0.555111787293883,0.7335599912768072,0.726269296285773,0.6119540866304863,0.5277664675084391,0.23800660615207425,0.9370369598494344,0.2509919478168849,0.7168823986808497,0.9330118469427898,0.19702651456499726,0.5748989682103427,0.7323375904714929,0.5417747534411046,0.9158739941527264,0.4758631904261262,0.9299379630168333,0.8082116786972124,0.5314206918056779,0.41146756682328023,0.8037056316151191,0.8865165948309165,0.7233456997681177,0.4423464680188772,0.4959990836697507,0.9344352711883491,0.6760598594288038,0.7352151648112923,1.0000000000000002,0.8845090687424136,0.4881553664478548,0.5905465401689778,0.6341313547800832,0.5001258038073286,0.285420597838495,0.9518644223153249,0.9505616530907279,0.8842130799722604,0.9490581696112277,0.8233983267032005,0.7850822996872424,0.9366683371007917,0.9556998753500572,0.6191678475017091,0.44298326397766735,0.9013087243655843,0.8062328708448225,0.8468327519465066,0.858730691557831,0.7085697312963449,0.9133507276981696,0.9496177513559895,0.857691672078771,0.8471513058805044,0.7078475656119632,0.6110315774348887,0.5718323790949562,0.6732767785634322,0.5450693001337193,0.907232908448185,0.6506905873301151,0.9121167408589178,0.48153981135616464,0.9544104086816816,0.529126394443005,0.614540779764628,0.8843764099171512,0.6832136313404358,0.6963709830206855,0.5788669997880026,0.6853326237285821,0.7571758734354566,0.6910470872768472,0.8190482018256378,0.859088477642302,0.8187154069310759,0.8069942776146549
7V6Z97IO7R1SEAO84Q32,0.8819496981055823,0.4741248588888476,0.8900832448794778,0.45357514880248356,0.5470261849052203,0.8014352342880936,0.660965041318701,0.6592925769183706,0.882207311245464,0.40982392323737565,0.8980649050666196,0.6474207674246231,0.9302256673539022,0.1162057247560942,0.7348508618940967,0.8827893314282433,0.8832384636376881,0.8800048611547068,0.9216770320412498,0.9137673912526205,0.9122190328443776,0.9126980917890339,0.6312979038797291,0.8830867697453038,0.212325829061525,0.9060823990553754,0.17802209175288994,0.5127072967341977,0.850074978441587,0.49966479812189624,0.4017929659626852,0.6297244650892148,0.569709304471811,0.536521599010342,0.3084547787870063,0.13880042973833753,0.9653187697399257,0.10842709699921387,0.6730885719119741,0.8930119909206696,0.37224059438879653,0.2999579263457753,0.6091033575335734,0.3978443981875085,0.9673392601799318,0.35819436208304983,0.8612106480205829,0.6368082226468885,0.4623074020831595,0.3860411378755931,0.7456538888671342,0.8512220042372293,0.6225143388621733,0.35763199795644474,0.33459862524951306,0.9152273878903323,0.5670172798127378,0.6601212276047643,0.8845090687424136,0.9999999999999997,0.3143774451514987,0.4033723461954583,0.4573427778015663,0.43862065543005996,0.16053940527491672,0.901279854625713,0.9195718725269225,0.7399354214025387,0.8988867817911739,0.660614645147861,0.6191445201820767,0.9144820537759984,0.8878400063203402,0.6368451131809505,0.5417996862452583,0.8906477352466345,0.7775334010108004,0.88329038799015,0.8829334923032113,0.49537053891218097,0.8702731801701638,0.9059345444942626,0.8167884903066929,0.8862361164158192,0.5258586077974634,0.4393502741135873,0.5193267373582325,0.5290959334754818,0.3934872338607846,0.9212846957888342,0.5178947658809137,0.923878081779882,0.4292747874508665,0.9129673787990908,0.32333595628293055,0.41415567314242224,0.9033528350199109,0.5529821542650117,0.581183314302284,0.43127848382683387,0.42412449691739285,0.613263572184406,0.5694917092673035,0.7081109180670869,0.8808977038981922,0.830522289110611,0.6224563715399601
815600AD83B2B6317788,0.19102842177113905,0.8196462458183188,0.5689568894228678,0.688178371081621,0.8944984214407111,0.21750161048508868,0.832162888609486,0.8381683098924251,0.14495663812406148,0.9404419101265715,0.194156218318928,0.855769405730577,0.33351914102041214,0.37688161705910045,0.25614371252371215,0.14863183103191427,0.14713535690248916,0.447215741391079,0.3529404824101344,0.25183459076995,0.5965180961812911,0.24138206332199705,0.4471706717624628,0.4080085055538587,0.652236725435208,0.2924904955073413,0.7040836764603521,0.8997954456905227,0.6330531347110958,0.9485590656684154,0.9225664574693446,0.8170768606234505,0.8274095722713779,0.6780073369957809,0.887730672073443,0.09588824974823804,0.33796937944756705,0.7445710059673355,0.473881581483033,0.475308871920866,0.0933369742250701,0.28496713598065043,0.8588513558609705,0.9151198860875001,0.2875269839722933,0.7916278703243401,0.6386546857609565,0.8943563041143451,0.6351595480085137,0.6644487611786424,0.5165047482134729,0.6149330248565453,0.5671393921956289,0.2108904716658043,0.6489015419345269,0.44766456708202923,0.7948210832026059,0.5254845246434344,0.4881553664478548,0.3143774451514987,1.0000000000000002,0.9706726440513533,0.9242896709288427,0.8617677459397499,0.5688791854829179,0.4158961367677729,0.2887804319356733,0.5633271123230263,0.34772074922982893,0.8537291952954903,0.6067713061209608,0.3196672430073378,0.4782110439538499,0.4266205740299016,0.644339308486414,0.3417044492869825,0.312754992053417,0.14530342184150352,0.15735848636023803,0.7951309603288731,0.5168308607303918,0.43033892275252766,0.7143798709392674,0.1451854670455377,0.9455702145549039,0.9762939919143752,0.7388223709286523,0.9055247016680122,0.933038616298706,0.31589226394797526,0.9065917656432831,0.29765290620806206,0.7316522892702217,0.5337935724521142,0.9212486842117436,0.9701516349363936,0.2072962291903411,0.9253832344853333,0.7444456892100648,0.9588784842306443,0.7174777599679719,0.8930688257031417,0.8029755047535696,0.8102531586734998,0.23237171040691942,0.2705332773824428,0.8154402186283958
815600E4E6DCD2D25E30,0.27328907093571386,0.8627616649252703,0.643492201118524,0.7269283305257014,0.9208360737414893,0.36376531660103356,0.8806603246375214,0.9123360163864714,0.21246316693605677,0.9701552065955334,0.2753353823787706,0.8957544237651572,0.4039440975023464,0.3540459419572074,0.35035389882946566,0.21616419694564687,0.2130371944093882,0.5099385085471556,0.43179699434863206,0.32488230159120846,0.6618112423870486,0.31824100584892323,0.5138538694196593,0.48445122851028877,0.5730359931131122,0.36978155274749136,0.7490627557870788,0.9158260234578923,0.7208318231631514,0.9676244620620741,0.9364066114537873,0.8705071702855268,0.8297125259072828,0.7632497163150197,0.8682249794851621,0.12237978233709912,0.42838660083582863,0.7701613981532024,0.5809179192822759,0.600874933312097,0.1297621590306817,0.3854474854520592,0.8870933319661919,0.9276156328715192,0.39500253307919125,0.8026304056744155,0.7201587640530834,0.9303805585866357,0.7057644873342159,0.6886482867390226,0.6114115726052393,0.6759113168790204,0.6371966617784911,0.28906716828993845,0.7171342176763517,0.5225938981509246,0.8481271483843644,0.5580565713476483,0.5905465401689778,0.4033723461954583,0.9706726440513533,1.0,0.9476854222469201,0.8645849075584027,0.4674682275781737,0.4981966786042894,0.3822275090428412,0.6569977801011577,0.4688420234597513,0.8831292829304404,0.6963690647945707,0.4149107494736702,0.555990971294303,0.4855159299040151,0.6553913429216478,0.4178007405184174,0.40537519150338797,0.2108870531489664,0.2343917608931067,0.8507354952079127,0.5841104257002432,0.5048665316214839,0.7667258181412359,0.21079680205081255,0.9686533684705751,0.9810407682554191,0.7663179870279959,0.9206793380453258,0.9376414659078591,0.38020846220628296,0.9439487321392389,0.36453362056467636,0.7773135980430308,0.6015297115848768,0.935145594973736,0.9945567712035037,0.27870783827340484,0.9587577263298681,0.7665833173593325,0.9615439551922572,0.8063411518855805,0.9190520909224054,0.8484393421377635,0.867050827891213,0.34237412452812016,0.3554964690831776,0.8740735540898755
851WYGNLUQLFZBSYGB56,0.4402316508379757,0.7691507701665952,0.6990931937249644,0.7737370255922228,0.9030005243913696,0.3576557169438017,0.8820373319783685,0.880002266561242,0.323509728436237,0.9440170194552454,0.4002754834870819,0.8962469100881438,0.507342022737721,0.3885357910261734,0.4297002294595364,0.3330773921640864,0.33122360411713964,0.653784526179904,0.5458771723707128,0.4228263890073817,0.7349271050605939,0.42175572832986374,0.49885324164629247,0.5942936640556007,0.5163556207562482,0.46479681899830627,0.705472837052289,0.9078022475374897,0.7539882747200354,0.9404081923850409,0.912064126778686,0.8678316927780322,0.8375017128294178,0.7757684848407324,0.8500382467963129,0.20836104904118896,0.48929869705440093,0.8526529330283552,0.5007091550746308,0.6678321110271951,0.19038953077686746,0.3526580784716573,0.9374256431283428,0.8455024984208745,0.4772081864239745,0.7279564498312233,0.7738547500746233,0.9384828580244611,0.6718830337882699,0.7662289672278069,0.7513976625403187,0.7294083310607846,0.6038540597842624,0.4877010873037615,0.743861751286266,0.6437036080163296,0.8434027047362685,0.6129320217172743,0.6341313547800832,0.4573427778015663,0.9242896709288427,0.9476854222469201,1.0,0.8001484458429532,0.4174925981858536,0.5705794133783579,0.48161577475301365,0.7464298879987995,0.5100443936721097,0.8967716819763955,0.6777294605892283,0.47935423909278846,0.6591397036133944,0.5065642180190312,0.6155057311484119,0.5606450378750003,0.6028878832279837,0.32486817636851356,0.3685289613561581,0.8553545909314197,0.6932860755738489,0.5826022649546793,0.81889865795051,0.3248772393479274,0.9398301887054333,0.9364095646738629,0.8097050867221934,0.8726096017333186,0.9399374843732736,0.49375455218703895,0.8721110842464177,0.47397895634360826,0.8038694034008991,0.687367563833577,0.9344978233049006,0.9523822503891779,0.3837462449323045,0.8977330627249512,0.8514758642361094,0.9456657245907585,0.8161010344638867,0.9195803075033868,0.8623529559510809,0.8765023710292442,0.47990369703403585,0.5468377102470658,0.8610340082062279
95980020140005881190,0.20977853298449115,0.8634615937440544,0.6745031472196994,0.7558892690803739,0.8775936401891158,0.290396319466681,0.8750268456569279,0.8661072842120505,0.13752498605821425,0.9102105835246276,0.19481136690869535,0.8807463030413013,0.3355849052242795,0.3654857718376776,0.2819203897036482,0.14124510059995468,0.13695169876373275,0.4165465889583477,0.34535496794437076,0.2528310282822966,0.6254711013651385,0.23366860868773326,0.6424525155844361,0.4208222316172673,0.6665131855445459,0.2802141153465695,0.6109303447220179,0.9074161944273861,0.6054364565236793,0.8841323296838272,0.8877781478719214,0.9185697864983011,0.8180047559839013,0.8534206809487375,0.7936626373688541,0.11443720227841732,0.37169073612448994,0.5767784429885244,0.692264000730926,0.5592642303167801,0.2554566205391217,0.3396205552568208,0.8134346074624338,0.939475556674261,0.39206148751115083,0.8833827158904903,0.6482127693542865,0.8395840554376385,0.844784522961368,0.7348756940526322,0.550926094301015,0.6114290155710187,0.6575328489815148,0.359019672951022,0.6257197845928223,0.4915062506929387,0.9314731436714867,0.7021832502840785,0.5001258038073286,0.43862065543005996,0.8617677459397499,0.8645849075584027,0.8001484458429532,0.9999999999999999,0.587356070386296,0.5065702846255404,0.31701616005917976,0.6618020022828732,0.39279933849148274,0.8265844808450188,0.73635218988673,0.3525237906620818,0.43477767336877393,0.7519492577512837,0.7674399042188196,0.3198288382857396,0.33629651652740983,0.1338690423372629,0.17030592803752007,0.7447451229763346,0.5999921859983026,0.5226485058417764,0.814845239062038,0.1362724371302906,0.881915613568678,0.8933277742673926,0.7862788744689043,0.8929017460430396,0.920734598905696,0.30225406105227043,0.8687025037741044,0.2995265164989367,0.8181236494767508,0.5349509146515473,0.8267193879287132,0.8716335462307534,0.21051348839877576,0.8752268370479618,0.8028087340755842,0.8897511056149783,0.7319075322307352,0.8997221681449536,0.9091297952444277,0.8461727434252974,0.3132546028983889,0.2779853275152882,0.817367121387288
96950001WI712W7PQG45,0.03755001201796159,0.5151851777722134,0.44312981372480176,0.45299766321776563,0.6426129681702825,0.10402216035673532,0.5814939292272285,0.47500161555984644,0.01211035572228178,0.5628431736060886,0.04339149116606076,0.5944645603494196,0.14179184719474117,0.36756092875651725,0.11436074219725526,0.016637073294432658,0.012737247530201265,0.20630868012296766,0.13652630080491035,0.142392394465831,0.26672978960263044,0.0833931969340832,0.5030722575961974,0.1886069760849103,0.986088128947197,0.12708140978024096,0.31143904176036413,0.6802019367370861,0.31311780637313363,0.6056893630699034,0.6573251415722761,0.5380050276197957,0.753636376552861,0.4375739120374229,0.6960799736432846,0.048777411848618585,0.1668513381674652,0.06775251374138418,0.49518084880099184,0.26226530043141244,0.037934332335722756,0.2748507556025258,0.5456330068940171,0.6639680869069473,0.1157667910859196,0.7357023105551503,0.3916869776865253,0.5498933082438793,0.27510045980676207,0.4367408554288011,0.2726676567216058,0.3043147041483945,0.5316245216132025,0.13217031892871495,0.24148945411954617,0.2533081137140163,0.5154361599985556,0.3173203338701461,0.285420597838495,0.16053940527491672,0.5688791854829179,0.4674682275781737,0.4174925981858536,0.587356070386296,1.0,0.2747109847868939,0.13695054151389183,0.33002902959846886,0.16352930246905834,0.6143539373132275,0.5308713058155711,0.2002684929572486,0.17443412109660086,0.3132120546837775,0.4372370321300418,0.09809514247281001,0.13691502399726935,0.012590613496768727,0.02114705093748551,0.42184675682837314,0.2636795132896143,0.30722565510743,0.464711353871573,0.012503856044987832,0.5907253316769052,0.598286770662242,0.5444153645834249,0.6891645919116763,0.5987014615841961,0.12855626444746737,0.5556537092827223,0.13470390461875856,0.48246858278703425,0.23941795127213644,0.3823382532433432,0.5184271102340211,0.055510058371492144,0.5660569563292006,0.5259614187064042,0.5852003200596446,0.30932463300507756,0.6049553416599119,0.5613020332594532,0.5665489659575823,0.07372196474147512,0.06296777790596064,0.6320682904641195
9695000CG7B84NLR5984,0.8546899594714169,0.45910098058046656,0.8567561451993476,0.46662659592495875,0.6028300200451618,0.7947210110227537,0.7768790810883349,0.7460648392376813,0.8554169411287533,0.5266656675334803,0.8914511049651554,0.7518139351250704,0.9281249938256895,0.38562949284376324,0.8609997324149548,0.862622762852852,0.8546921395267375,0.9258134396241043,0.9200769522635698,0.9148799618340631,0.9168537980752737,0.9057710523505147,0.6715788497146545,0.923222251826349,0.3379453472226338,0.920181826073871,0.296590373583551,0.5928774548696794,0.9164504174862214,0.5904320332297588,0.4775359665199328,0.7106465172932913,0.7104270443811577,0.612700793599909,0.44174044460188694,0.4023378247384268,0.9244767938112185,0.18362108945604116,0.727606131770332,0.8939255602460172,0.20631856543347116,0.4980704306028237,0.6748077683540694,0.48211411559585476,0.9179052239745997,0.4364936186990838,0.8968168440484229,0.7378359025724304,0.5337277937545464,0.393240388096362,0.7973384642926654,0.8981790877624738,0.687465726815659,0.4750405495188201,0.4726265961437533,0.9303211687768226,0.6660039466366918,0.8199099675716071,0.9518644223153249,0.901279854625713,0.4158961367677729,0.4981966786042894,0.5705794133783579,0.5065702846255404,0.2747109847868939,1.0,0.9347557799970366,0.8665411633369622,0.9235833536997733,0.7603701415558434,0.7618483927239601,0.9206403754421452,0.9304971045812601,0.6884293483973315,0.47667616325234974,0.8957232482167415,0.8043966503925036,0.8556638161085233,0.8696313207365359,0.6518084941515162,0.9197158303220961,0.9615438760717316,0.862263501782383,0.855396992721464,0.6411410357492471,0.547557999383164,0.5364120273853081,0.6208419200170706,0.5067636513626338,0.9063389642056572,0.5823314414345,0.9122418630384133,0.4560704003973897,0.9375593071732564,0.454217442937552,0.5335963185270378,0.8935114619244285,0.6130711778291021,0.7416719896414046,0.5125524223458141,0.610939760914381,0.7160747803574522,0.6755085493727474,0.7804642641095751,0.8439483595547206,0.828460042831847,0.7397452405036697
96950066U5XAAIRCPA78,0.9512381912690248,0.29921110768661485,0.8101459643696028,0.3929358987207944,0.49827463717852044,0.8251123057213685,0.6452287386193053,0.6373016591992187,0.9548499078621425,0.3967900150310774,0.9833420353902214,0.6057139642062804,0.985442395996878,0.10401834269520559,0.8377353831611937,0.9551247115942508,0.9555074317804102,0.943486465771978,0.9799304874420454,0.9860712096267601,0.9109416711464283,0.9799977156326797,0.5901470007120988,0.9434066390604828,0.19181886666381665,0.9903218279078476,0.2119294379151449,0.45777220671405566,0.9026782759266638,0.4817060714627006,0.35435803956357076,0.5868004611514046,0.5600113543832147,0.4687407190741301,0.3255421697203148,0.16496907140625605,0.9657038169324168,0.13523653347811257,0.5659828580607067,0.8881296781177536,0.2352123380771453,0.45307345161928203,0.6047216104108516,0.32130619619392764,0.9592690414990608,0.24914904026005755,0.8741689551119248,0.6554451746993551,0.40097070643356736,0.3171818144789439,0.7769997773412469,0.8540085625738486,0.6209496672726973,0.45920063087469276,0.35904128426750337,0.9577445347780216,0.5275242112631455,0.6903590883430276,0.9505616530907279,0.9195718725269225,0.2887804319356733,0.3822275090428412,0.48161577475301365,0.31701616005917976,0.13695054151389183,0.9347557799970366,1.0000000000000002,0.8314299624148492,0.9320201583168827,0.6802556097141752,0.6396527338017447,0.9658472009626616,0.9677857020536264,0.5724828855338449,0.317222291274724,0.9681418915172316,0.8611083961983719,0.9554462236806772,0.9650469155200971,0.555611114746201,0.9174734351342962,0.9574131063331869,0.7767598454024286,0.9562019656914192,0.5196425358199068,0.4075535052964797,0.4614371689277405,0.48075491006041055,0.3595361191820045,0.9753776572849372,0.4574722661404521,0.9805742069538832,0.3502722839333688,0.9558113653189769,0.3532525479507246,0.40523202093334537,0.9712666147588682,0.4901782992367631,0.574044704340741,0.39591007237179876,0.5232586315628383,0.5989553655701422,0.549882051524003,0.6816922220699367,0.9220847506495978,0.9032056189662097,0.6349118968842854
969500STN7T9MRUMJ267,0.7640502758139033,0.543210125816019,0.837448350817317,0.6584976629402067,0.7400488871672026,0.687260410444167,0.8571642292884042,0.8413437805386212,0.675812249659144,0.7326267204384045,0.7516093995604853,0.8204293354783037,0.7989293372789311,0.23354782424311862,0.7349752568468272,0.6769993746881304,0.6754656946880663,0.8450632691162244,0.8146327902954386,0.7591284180807268,0.8858527488561958,0.7429866841567522,0.7187581771033924,0.8392506520490186,0.4142899830665558,0.7860790869687194,0.5108209531525129,0.7445745897671354,0.8864274556501605,0.7323058577797087,0.6652419311504656,0.8552979152062833,0.7589381854898781,0.7983689934601713,0.606793717951546,0.19995980209086384,0.7689999760059238,0.4701583224212871,0.6944953474258768,0.8885140238905583,0.2068045822172286,0.598137504244307,0.8111088666778474,0.6326534911502373,0.8055121832528395,0.5672047022850367,0.8924945718225584,0.8471378331545981,0.7074749774454747,0.6109353333236194,0.8794740077668785,0.835507332812397,0.7410417837928288,0.7237139660601186,0.6105505796819127,0.9013985429584149,0.8425986215080629,0.8448436923963888,0.8842130799722604,0.7399354214025387,0.5633271123230263,0.6569977801011577,0.7464298879987995,0.6618020022828732,0.33002902959846886,0.8665411633369622,0.8314299624148492,0.9999999999999999,0.800640037416182,0.8589197473129723,0.8315824729000306,0.8052927215497934,0.8632600347068158,0.7899388477673549,0.48616226152163045,0.8173326183099037,0.8554752758161395,0.6715600217353506,0.7304141308714411,0.7790069491243693,0.9432970175484577,0.9092861014534352,0.9181314600760335,0.6721542870055426,0.7609283903593523,0.6725083369701738,0.6989548126846971,0.7103415647973451,0.7115653787583458,0.7724419340469195,0.6817763094980022,0.7782099933754948,0.666270389040638,0.8862420447191462,0.6865129926076886,0.6842106582876972,0.7249700935727205,0.6973959890483925,0.8139053198428519,0.6782036275105782,0.8353269629163426,0.8357660653350772,0.8624605029972947,0.8620532698819454,0.7974374864951834,0.8063342537852904,0.8406019335302928
9CZ7TVMR36CYD5TZBS50,0.853975202091281,0.4588742431926057,0.802032266106404,0.39748439719336576,0.579179099670057,0.9199831586669327,0.7006074119440501,0.7267149281987272,0.872312113436456,0.4642385146200335,0.8959915562273608,0.6602402825822101,0.9091951450258299,0.23157404824836259,0.7695810317307059,0.8711661591813916,0.8723018563376055,0.8957295223169189,0.9177789505823037,0.9219135368809351,0.8907543626668346,0.9244766229036991,0.6417476354952106,0.9081871544937189,0.22453509455986448,0.9226134336182328,0.2703635336920438,0.524503932658662,0.9016641773275884,0.5351441461396533,0.4493397150935596,0.6610015526032318,0.6079759275134673,0.5927733341695284,0.3805014801984903,0.2694649880861509,0.9593762362063212,0.16530041406933363,0.6704798259431274,0.8875833522481127,0.1683222176094016,0.3976073090442438,0.6078310176808565,0.44914020670261245,0.9498469936092881,0.3279875843245741,0.881815288350933,0.6870870557645954,0.5221730426726056,0.3113796600154353,0.763660668979829,0.8154140864808873,0.6487144559029108,0.4135879833170658,0.351215751500463,0.9111963690688414,0.5965162339497364,0.7125724803249082,0.9490581696112277,0.8988867817911739,0.34772074922982893,0.4688420234597513,0.5100443936721097,0.39279933849148274,0.16352930246905834,0.9235833536997733,0.9320201583168827,0.800640037416182,0.9999999999999999,0.6809927484134654,0.7312322254637165,0.947248170694278,0.911521496984196,0.5815864931258916,0.34015406241429297,0.8859936645317196,0.7778286798986054,0.8725750080552459,0.8807657546832658,0.5349363882477817,0.8651992230535529,0.9254531363957404,0.7682263315545632,0.8736976450322081,0.5895331447142428,0.4911401552469505,0.46318210057358955,0.5662642555744656,0.4290733380228894,0.9042476825042041,0.5678356238580464,0.9132579347305371,0.41044055578238703,0.9038930323764895,0.38568037734619376,0.4793884227559894,0.9062072813350157,0.5986382681875435,0.6149853964469564,0.44135991182486656,0.5222422230365347,0.6442234219056546,0.6065953653842934,0.7393048359768376,0.8307599669746997,0.8219848381629706,0.6909400961668472
9ZHRYM6F437SQJ6OUG95,0.5664985746421112,0.769483341921413,0.8575831922158554,0.7543816702162915,0.9373111370159363,0.5407677540331831,0.9659392764498018,0.9322076218572153,0.5037434132785197,0.9208462955397845,0.5758447734314952,0.9675811561967864,0.6814503636694428,0.34930806823362054,0.5890784973142307,0.5099352822598137,0.5059420296087438,0.7476083163936329,0.6899956063492092,0.6246880610792883,0.8421046008022898,0.5992062057211005,0.6776582371658509,0.7181163888695741,0.6994025113101066,0.654156771773403,0.6346278183017974,0.9369385737175201,0.8930375630677458,0.9562863369809451,0.8947952276202825,0.9197371061663608,0.9432400099181758,0.7790065764731562,0.8484835015978189,0.15236971084422066,0.6775333867125167,0.555694159885904,0.7246911705533042,0.8234403516622985,0.2386040889010867,0.5626357126702962,0.9520832264795672,0.866523479395844,0.6551254308063067,0.8164005400273838,0.8912907765020079,0.987970756231939,0.6712120253358748,0.7111093341996702,0.7785860170357536,0.8302402691083717,0.7809970765678247,0.45834616332121536,0.6801311261054717,0.7833682693163773,0.8826294097180574,0.709382963168417,0.8233983267032005,0.660614645147861,0.8537291952954903,0.8831292829304404,0.8967716819763955,0.8265844808450188,0.6143539373132275,0.7603701415558434,0.6802556097141752,0.8589197473129723,0.6809927484134654,0.9999999999999998,0.8320972670687342,0.6802763589251558,0.7792273448665223,0.6499335766714055,0.6705344647934711,0.674882584322827,0.663805276101623,0.5041414045343331,0.5330438145037509,0.8872786033503991,0.8187187035133336,0.779499937905969,0.9313722628621335,0.5047894329547368,0.9523006916622649,0.9139685771794149,0.8264887778065922,0.9337634243442843,0.8888968754990845,0.6529432068519407,0.8858566076328559,0.6474416504439332,0.7648230585443574,0.8224808155816618,0.8320834967527613,0.9097548308163141,0.562949870015906,0.9134697630018488,0.862623148351847,0.9096101342747361,0.8382346168903437,0.9725058875969336,0.9024745438143637,0.957775805421798,0.6387562050626172,0.6131364851737794,0.9706139242778657
A5GWLFH3KM7YV2SFQL84,0.5149961984402849,0.6667925394752918,0.776901456303983,0.6115423366574585,0.7853579743946628,0.6569770151838906,0.9194832421134309,0.8612179765151536,0.4416166422522852,0.7689665187855806,0.5249395211627124,0.8278838738283208,0.591350542608194,0.311227919457139,0.5736619778656069,0.47610763352898366,0.44909206430078963,0.6355018736005129,0.6154294608392922,0.5759543854916235,0.7307453366624796,0.5478790336719429,0.732060271630559,0.6850067521395506,0.6100092375708157,0.588165596373039,0.486475979671236,0.7860311982815501,0.788972694931214,0.776195223324126,0.7501708722768795,0.8686629292488411,0.7999532573754061,0.8536856279862195,0.7081745026686772,0.19514804301377608,0.6388257386724431,0.34113625652248225,0.8493537552381892,0.7986001699218681,0.189724204686753,0.5947700872085233,0.769890761356278,0.7866662199900407,0.669466899149386,0.7242626635378956,0.8272337481160743,0.8200289203113145,0.7655853441439318,0.5618747689754311,0.7228777637666339,0.7034067799087411,0.726513443590639,0.5612965890065843,0.593008620474149,0.7153132081384974,0.8515880130783047,0.7478839233094963,0.7850822996872424,0.6191445201820767,0.6067713061209608,0.6963690647945707,0.6777294605892283,0.73635218988673,0.5308713058155711,0.7618483927239601,0.6396527338017447,0.8315824729000306,0.7312322254637165,0.8320972670687342,1.0,0.6533118781232172,0.6648098863381016,0.7548316994712627,0.5038702664625755,0.5868471606118848,0.6051122431555402,0.4461120885846324,0.49878722220997984,0.7279540159026516,0.7538693595374161,0.7736582072900727,0.8181481720241981,0.44391489695106173,0.7933351850563972,0.7245882093635098,0.6776019161346014,0.7953876742607664,0.726328394283822,0.5570130475910846,0.7400771689182432,0.5699551744964476,0.6779549653996816,0.7027831456212934,0.6175393961349432,0.718533422084092,0.509982938299212,0.7668120120494444,0.7616399940444116,0.7046129895880396,0.762952040915212,0.8386439998322455,0.8541573816507498,0.8682469547307499,0.5990214982042081,0.5595233941069403,0.8781318669353335
AT0000000000043000VB,0.9124254700436547,0.3949198494897512,0.8158455584648595,0.4448727947891602,0.5525317110835251,0.8963312119005634,0.6558715394875443,0.6903419558375139,0.9408999789758464,0.4141927441972657,0.9492455915588985,0.6251453058062106,0.9595463652904299,0.13280647675316803,0.7749440781065688,0.931966626887359,0.9329998156592505,0.9260036684262773,0.9667978694995307,0.9678617796400963,0.9003577211872237,0.9644841300633389,0.7146806887406553,0.9341559795453404,0.2435210642864081,0.9665534032569698,0.21945760011337062,0.5080477699830094,0.8880941864993671,0.5002546085281546,0.40465324619537085,0.6270687812576967,0.601148905248301,0.5014415950141484,0.3590303770216778,0.17146794583634045,0.9720051767910541,0.12820455592545651,0.6140279695555555,0.8650375885497709,0.1785058169621536,0.37009540249304,0.6001486337694164,0.3659485989678361,0.9427154039716734,0.2927697055004246,0.8871162297408567,0.665388287695388,0.39416329978308895,0.3385211092215372,0.803526879529613,0.8613885794037367,0.7354270011329538,0.41032000318872247,0.28971777784974956,0.9377252124554808,0.5523371317149764,0.6657288170168313,0.9366683371007917,0.9144820537759984,0.3196672430073378,0.4149107494736702,0.47935423909278846,0.3525237906620818,0.2002684929572486,0.9206403754421452,0.9658472009626616,0.8052927215497934,0.947248170694278,0.6802763589251558,0.6533118781232172,1.0,0.934110585185997,0.5285964161341199,0.35737371304783183,0.933140208016984,0.8178433298151477,0.9333955208735751,0.9344632546985943,0.5040122933472102,0.8764800708651513,0.9484282216465112,0.775669665271161,0.9334691786180435,0.5638615866905671,0.45878170532844786,0.5127248976732525,0.5469943391113371,0.3976911406878235,0.9571858898463165,0.5569324631831425,0.9629841069511452,0.418300280252435,0.9301087225191071,0.3340450839335924,0.4349319903157704,0.9560928980600271,0.5658821808820176,0.5748946584278927,0.41191564645661854,0.4545413797756179,0.6103487077027546,0.5896541700872835,0.7277835045104641,0.860013145679346,0.8749558197924002,0.6682238291130681
B81CK4ESI35472RHJ606,0.9244943540021298,0.4231134926855946,0.8338386542490982,0.47802580318530846,0.6199241363433025,0.7686705198187084,0.7397101044070805,0.7361074012576097,0.91193339459399,0.5474516270146136,0.9474594493965853,0.7119404453834207,0.9744615298167424,0.19352471486131356,0.8259831382366385,0.9157815696052996,0.9160921818749727,0.9744820929454848,0.9776251200475261,0.9524944360314814,0.9606257046706108,0.9512800527519683,0.5743729155798409,0.9567633917296414,0.24600701122060645,0.9668812212003312,0.37309907214508475,0.5816488633331286,0.9461537694038271,0.62607691815098,0.4947013782760427,0.6753738396278309,0.6605839727072543,0.5433251064056133,0.47288466174916827,0.20658233759314784,0.9454537469263263,0.3394154685358829,0.5567782096701925,0.8919094930443857,0.20415374612790807,0.42324786303328016,0.7343061135351164,0.4496604055356623,0.9255840060749706,0.33623980931167036,0.9214382990182189,0.7759146392518663,0.46630154288979647,0.4116278820945368,0.8294642349133106,0.9193452235209706,0.6298003157349977,0.46062455654796486,0.492949607553566,0.9671105721737798,0.6169363453701335,0.7294683019829066,0.9556998753500572,0.8878400063203402,0.4782110439538499,0.555990971294303,0.6591397036133944,0.43477767336877393,0.17443412109660086,0.9304971045812601,0.9677857020536264,0.8632600347068158,0.911521496984196,0.7792273448665223,0.6648098863381016,0.934110585185997,0.9999999999999999,0.5716329294626662,0.41030091316473,0.9774407349330413,0.8704742484013265,0.9138659734522655,0.9271745862021411,0.6732397735148833,0.9417313237316438,0.9470447332141799,0.8436612661017597,0.9137934800400388,0.6613123384268024,0.5721651582336272,0.5492253961021601,0.5990246506111432,0.5178187620418888,0.9675452186087566,0.5890809939215251,0.9633242992686227,0.44659794642449,0.9886589169541605,0.5405149585629689,0.5728674825646214,0.9371279657381025,0.6268852887716387,0.6837883199055177,0.5620256576206676,0.6198952336885984,0.7184194861386155,0.643913606294042,0.7664160098812388,0.8819674879184968,0.9058163779416781,0.7162711237894952
BFXS5XCH7N0Y05NIXW11,0.4955338433661165,0.4943009478449237,0.6819431223539648,0.5535063675839759,0.599313025505578,0.45660770587699784,0.7326065241902764,0.6847189489019953,0.42224108233159185,0.6012566935360356,0.4784359074453595,0.6661682256301229,0.5415826298511716,0.19325879307555488,0.49746440441905093,0.43485260408534493,0.4258587110216642,0.5486528644234261,0.5367270729918229,0.49938662510559995,0.7089418093826964,0.480235362101955,0.6572644203579979,0.5988368979076211,0.379245535594433,0.5060485225992152,0.40657754435439714,0.602811565040813,0.613431448731102,0.5767355169439335,0.5336515436979181,0.7828887953705387,0.5906893187971025,0.7801080978301187,0.42688233708254564,0.11340669486733848,0.5527264331772179,0.24301361441773284,0.6715536890323424,0.6709857800791516,0.37310244820098865,0.3865117104485386,0.6330875750333611,0.6115222778070154,0.660539719173596,0.5431070499205326,0.6482308476821056,0.6301491047605271,0.8584851476686218,0.5469903897675321,0.5936750069137532,0.6128906019250944,0.5411366354907395,0.5525857532217239,0.5260426565002374,0.6664736769301636,0.8275459071028984,0.8900470447347524,0.6191678475017091,0.6368451131809505,0.4266205740299016,0.4855159299040151,0.5065642180190312,0.7519492577512837,0.3132120546837775,0.6884293483973315,0.5724828855338449,0.7899388477673549,0.5815864931258916,0.6499335766714055,0.7548316994712627,0.5285964161341199,0.5716329294626662,0.9999999999999999,0.5070372295290759,0.5340583701759876,0.5379767249288668,0.42362284821783425,0.47345034166361,0.5790949096210224,0.7874094903013071,0.7337459695332855,0.8008381701979965,0.42746346572343613,0.5701459469939321,0.5142664406799207,0.5776137991946457,0.5833393506579103,0.612236438628024,0.514717111451234,0.509262665966515,0.5285615685189161,0.5905818776334749,0.652359226526772,0.5636562732150898,0.4976416612968874,0.47939155801346106,0.5303445133373318,0.7257552216168225,0.5594287164599675,0.6552143387098878,0.7126774957555665,0.7904177235353873,0.6869102148399372,0.59469070775088,0.49791769117047363,0.6150529998993853
DG3RU1DBUFHT4ZF9WN62,0.26873857866089074,0.8586205335707757,0.7363949743826828,0.5348456139854927,0.6768967833512635,0.25653230978940444,0.6833299003464866,0.6434944930045201,0.21201845177789294,0.6618904438671217,0.2516873950771375,0.7554656805553376,0.3854392701133058,0.25290655548424634,0.27978027964147045,0.2184131758888375,0.21277411734221208,0.41664765808952064,0.3758124486449847,0.2896749739323813,0.5669071783461763,0.2789061322579183,0.4508796727741917,0.38874863399684817,0.49252850243450996,0.3077484449001957,0.43783340654313024,0.7486181793350121,0.5089935103379494,0.6712137651581089,0.6556053829161316,0.6606510004843387,0.6653663545516848,0.6414894049757085,0.5852859652255328,0.08744281061552024,0.42714369064915864,0.4343652225123262,0.7280617973292077,0.5687492165377969,0.13029333008411526,0.2397624798724954,0.6464920719593096,0.6725645564832554,0.3921590101969496,0.7598430814089671,0.5713100844823172,0.6527008384055559,0.44415725023463964,0.5192866656949598,0.5253170724216055,0.6142464699096108,0.49313802382219507,0.26115235834474293,0.44550038454202545,0.4701114835448966,0.6247782371294315,0.4153182633032706,0.44298326397766735,0.5417996862452583,0.644339308486414,0.6553913429216478,0.6155057311484119,0.7674399042188196,0.4372370321300418,0.47667616325234974,0.317222291274724,0.48616226152163045,0.34015406241429297,0.6705344647934711,0.5038702664625755,0.35737371304783183,0.41030091316473,0.5070372295290759,1.0,0.34139374413302354,0.3851597167014983,0.21133754527794738,0.22866297762521146,0.5510574555023284,0.47653844118179617,0.4389653281664196,0.7438359922605957,0.21103495471887188,0.6728423966504388,0.6935586150206416,0.5881143433590073,0.6730898206877495,0.6731181428211278,0.35264243978948784,0.7078162626849188,0.3420118498307601,0.5837310018546509,0.49687692878551515,0.5711257934128648,0.6626431322439551,0.257437061379656,0.7303364794197575,0.5825817029210246,0.6704837309049213,0.48830627620298617,0.6803949844517607,0.6376662821409403,0.6698212800233236,0.29322882662813854,0.3397592871180121,0.647458397340837
DIZES5CFO5K3I5R58746,0.9766525329112311,0.31417625510179553,0.8030251056984814,0.431966819218179,0.5170140480867761,0.7552012733370592,0.6394724188373019,0.6303197631844593,0.9464677296957293,0.4178518814871538,0.9750347140143125,0.5996519441455863,0.9778632337471052,0.10828037953949728,0.7941313613632676,0.9534721224882282,0.9541640760985218,0.9747927730436423,0.9882555450858805,0.9646135599898564,0.9289290859693868,0.9670634410188497,0.5523385519972274,0.9673436794227631,0.15165691149040245,0.9675761924779387,0.2624967067741263,0.47963191730611626,0.8695504689061551,0.500226819120821,0.3832112033110297,0.58690989601695,0.5579669573818443,0.4827294963264256,0.3682168747952173,0.1657629546962723,0.9422322308039282,0.2774569502690751,0.47335024816221344,0.8554321187881849,0.2294630048394754,0.30908734331810106,0.6547965399951581,0.3179009459967854,0.935886115082218,0.21225290817583467,0.8773026893675133,0.6671620157330773,0.38418772311447696,0.3747924817415946,0.8337141022856374,0.8759961200731271,0.5674044201255642,0.5001648578230271,0.3994711990651511,0.967262626392288,0.5270768077062762,0.6780482554365727,0.9013087243655843,0.8906477352466345,0.3417044492869825,0.4178007405184174,0.5606450378750003,0.3198288382857396,0.09809514247281001,0.8957232482167415,0.9681418915172316,0.8173326183099037,0.8859936645317196,0.674882584322827,0.5868471606118848,0.933140208016984,0.9774407349330413,0.5340583701759876,0.34139374413302354,1.0000000000000002,0.9085703557592052,0.9484793745250274,0.9697111079911468,0.5463561685398415,0.9218753302287899,0.930574871129302,0.7843748110995845,0.948311551966618,0.538505610107536,0.44197591278380366,0.49832748780073466,0.4808049707937344,0.4104363929685648,0.9822193516759068,0.47123749816619676,0.9780380216690365,0.391294660790638,0.9591528490207891,0.41534559874567795,0.4329886671103445,0.9589761030483914,0.5074996648544681,0.6125437047723346,0.44564342080759556,0.49226068085717134,0.6119496354517777,0.5658691915203593,0.6830715240717159,0.9028015090087999,0.9583857639195253,0.6064782332179405
DSNHHQ2B9X5N6OUJ1236,0.9244132764764853,0.3465578418933101,0.8235789763106107,0.5352438926353061,0.5374438718140466,0.6596352658836688,0.6417526424919062,0.6015839797891144,0.7844538474548699,0.46227334870849623,0.8518682328787214,0.6185324770340771,0.8525630092547463,0.12123947082857414,0.7317282388815145,0.7933623377935317,0.793660746770538,0.9148065869444877,0.8847039941087178,0.8253302576968238,0.8336947522450927,0.8230469077053816,0.5392534049342853,0.8620751641224822,0.19478643643565244,0.8307275962606109,0.2647551657857019,0.5437145998857769,0.776316166025886,0.49576289470787294,0.4497984253253536,0.6144822318178615,0.569273740664087,0.6095623478443634,0.38951737285426147,0.19155808397460147,0.8102897369527581,0.41733462030560403,0.4998178297408412,0.8652165548010823,0.24464574571303063,0.3591512378467156,0.68120788806992,0.3329929654636738,0.8431017386284204,0.29939225734499586,0.8418836401202511,0.6469490029274347,0.3903418126624797,0.5192826803980475,0.9172478880962853,0.7899451861290638,0.5432452225963227,0.7696641640383178,0.4550127856556583,0.9239845881101095,0.5679096651607973,0.6116229773182587,0.8062328708448225,0.7775334010108004,0.312754992053417,0.40537519150338797,0.6028878832279837,0.33629651652740983,0.13691502399726935,0.8043966503925036,0.8611083961983719,0.8554752758161395,0.7778286798986054,0.663805276101623,0.6051122431555402,0.8178433298151477,0.8704742484013265,0.5379767249288668,0.3851597167014983,0.9085703557592052,1.0,0.786333964393799,0.8466806453088933,0.5616684062769823,0.8740153046954231,0.8459218985200373,0.779735045017059,0.7864038413888409,0.5229250898965786,0.4230128737626777,0.5763478021692358,0.46276933757945005,0.4743531596985847,0.8514079046847224,0.4420458372244295,0.8477386197064962,0.5150439312511155,0.8539480570777057,0.42419925905387734,0.4287976604766811,0.8046003393888641,0.47640341155780136,0.6574821236421639,0.4598207977422018,0.557577376065322,0.6092692250238534,0.6199088888204097,0.6887156791176758,0.875082844768435,0.9712094081493011,0.6336173592169124
DZZ47B9A52ZJ6LT6VV95,0.9455185095318362,0.15123054266241795,0.6807026426883086,0.21193074280669486,0.3212051153254219,0.7747502208372488,0.4602447735809407,0.4632016503889353,0.9989262510656303,0.18781072619197334,0.9883772647363649,0.41944870676466456,0.9709372904265325,0.0248743513742366,0.7549432735433953,0.9964984162631835,0.998502994289915,0.9066078978441743,0.9612248829938578,0.9838993317280216,0.8415837943142983,0.9903918719328291,0.47104944066683035,0.9047439459397004,0.03648227253804433,0.9776145655395018,0.06450189703208252,0.27086090024674486,0.7806442731829243,0.2950926978095082,0.15987542675653155,0.40230318620549277,0.39196305492106637,0.2716547357444655,0.15807136349633988,0.12409538222491975,0.9442456097662716,0.023187354548892775,0.3857416570854974,0.7431932860226774,0.13641497034886305,0.22792473197414392,0.4370525230265887,0.12384704496214355,0.9132382579840775,0.022247282876814708,0.7565746083446165,0.4879672816446893,0.2201999204400325,0.13353171371184178,0.6675328046007417,0.7796875073936387,0.4710087022178634,0.32835976509197656,0.161951422142064,0.8939172883701497,0.3277598803793653,0.5960599450725792,0.8468327519465066,0.88329038799015,0.14530342184150352,0.2108870531489664,0.32486817636851356,0.1338690423372629,0.012590613496768727,0.8556638161085233,0.9554462236806772,0.6715600217353506,0.8725750080552459,0.5041414045343331,0.4461120885846324,0.9333955208735751,0.9138659734522655,0.42362284821783425,0.21133754527794738,0.9484793745250274,0.786333964393799,1.0,0.9841838013267787,0.3443064739281412,0.8260223544185441,0.8857278017383224,0.6366572672404223,0.999851563997388,0.3517111309250867,0.24658921194065955,0.2869614036708394,0.3045554524215992,0.178378129268469,0.9799353327471692,0.30639724928801676,0.9825636182096059,0.16159577008696344,0.8919846399726409,0.19110743087092902,0.22410709329751055,0.9955868793709782,0.33945930179980177,0.4151975822996648,0.21926432240198507,0.28662503719796767,0.4225018295041484,0.36383838507896954,0.511279773985785,0.8350290137674132,0.8773425927787476,0.4322203536201605
EV2XZWMLLXF2QRX0CD47,0.9731509621689007,0.17340270754320952,0.717102190691543,0.2593715940548836,0.3498044761642447,0.7794923609272911,0.4996921871591218,0.49454238664851274,0.9827782191772859,0.23053529929250838,0.9933999529339888,0.4530018748165412,0.9702425350968398,0.03138715720089558,0.7781628246168071,0.9849317019163369,0.9905751386473204,0.9238645939427997,0.9681506205245919,0.9796916763796845,0.8556698945976962,0.9828637410099952,0.49150295707295305,0.9268955771735146,0.053018554570970156,0.9744156089867855,0.07916267089839765,0.31095771580765363,0.7943793244472103,0.32243386290602344,0.19966154948002893,0.44612838724751064,0.41685986199731817,0.35354452631150673,0.22142462447801953,0.14306635149175112,0.9403596895779307,0.07904206917153489,0.4201344268364704,0.7841656701657271,0.1539353913009121,0.27612902717144816,0.4744553852469619,0.15855760763322138,0.9286085964297187,0.06417716921331339,0.7864260920269424,0.5159949633338192,0.27886623718362036,0.1909374582699421,0.7197651996315952,0.788280093736438,0.48720613704381355,0.43361738860140586,0.21080550032805465,0.9211885199585866,0.38093150925497565,0.6250641023939886,0.858730691557831,0.8829334923032113,0.15735848636023803,0.2343917608931067,0.3685289613561581,0.17030592803752007,0.02114705093748551,0.8696313207365359,0.9650469155200971,0.7304141308714411,0.8807657546832658,0.5330438145037509,0.49878722220997984,0.9344632546985943,0.9271745862021411,0.47345034166361,0.22866297762521146,0.9697111079911468,0.8466806453088933,0.9841838013267787,1.0,0.3858927889153461,0.8571862969179606,0.9045898881958959,0.6717405203021587,0.9841218016034688,0.37757551862360994,0.26888008899514404,0.3269530888715655,0.3240072996932196,0.2194776361644952,0.9749866803442644,0.3210180608498443,0.9792251006993393,0.21547378191650485,0.9026761986741461,0.22024773713241608,0.2518166227738957,0.9847030815701415,0.3549895706900951,0.4598744628213964,0.24936201395626778,0.3482806742717743,0.45576162202863946,0.4154672875735169,0.5485805411381979,0.8670538137064061,0.9257525618553679,0.47076012690365
F0HUI1NY1AZMJMD8LP67,0.4502403256073163,0.6358142445229259,0.7218813160495794,0.6792275031794525,0.8048876059760668,0.3864541986713895,0.8620334822629199,0.8436536221322981,0.3432113390006303,0.8743057024686284,0.4383057165328587,0.8769392779192968,0.5373477371444105,0.38901029032825496,0.6933254122745837,0.34901689148475534,0.34472326779905027,0.6078952057864093,0.5425727936168494,0.4724049461668299,0.6960675385510289,0.4406462587643088,0.48511730497006894,0.5719808699479338,0.5554542069219277,0.51188434884328,0.6784625300312174,0.812907808361267,0.7975564567210857,0.8828588671919753,0.7906947818096045,0.80185425998335,0.8207758189147977,0.7069365748541773,0.7344303514478349,0.2350869888042951,0.5090009485310576,0.5925866942203543,0.6463005003020783,0.7273590302269579,0.24821855297227063,0.6691856967866198,0.8748832312642864,0.7869879102454478,0.5174351859740891,0.7355712929994145,0.784028089026308,0.885689859776675,0.6381662511940259,0.6446906630068815,0.6442139841372627,0.775429140690927,0.6357827802562165,0.3841973723640942,0.887253700835652,0.6159106927896822,0.8137682421484727,0.6222275812631387,0.7085697312963449,0.49537053891218097,0.7951309603288731,0.8507354952079127,0.8553545909314197,0.7447451229763346,0.42184675682837314,0.6518084941515162,0.555611114746201,0.7790069491243693,0.5349363882477817,0.8872786033503991,0.7279540159026516,0.5040122933472102,0.6732397735148833,0.5790949096210224,0.5510574555023284,0.5463561685398415,0.5616684062769823,0.3443064739281412,0.3858927889153461,0.9999999999999998,0.684284030836595,0.6244274461058635,0.7901786752420473,0.3446688078213659,0.8626334413564537,0.8299930752136742,0.71126586862082,0.8185719636045626,0.807546384109968,0.48952039718031576,0.7692670226072033,0.47793650873794563,0.673768166864668,0.6893209391997815,0.8376943420287438,0.8752768059980593,0.40443280377375923,0.7946044562056575,0.7919749251667425,0.8716349254561669,0.9158455552878759,0.8858870779815935,0.7948049263120475,0.8303652540199773,0.5563716748141115,0.46814291033065336,0.8761633094170438
F3JS33DEI6XQ4ZBPTN86,0.8748109483881231,0.48166825543722996,0.8615715103028122,0.5911567423953911,0.6864019176657797,0.711229398191544,0.8119015625074537,0.7857555229167469,0.8245279648477993,0.6314939639453417,0.8721236907663135,0.7672819872977444,0.9139836844545078,0.18986960158513533,0.7464452151611767,0.8295893142061579,0.8282662769786675,0.932771191396321,0.9193884229197572,0.8779226058663812,0.9692840668330217,0.8725830334168189,0.6712259083487656,0.9266195870811902,0.33023146232262995,0.8926840242607272,0.39606783051572575,0.6673862187167157,0.9099783174168921,0.6733524741872897,0.5793527255265181,0.7994636936946729,0.7041681036112317,0.7003341554643768,0.5162470398579562,0.1675854363515095,0.8845718149074366,0.3872368933092873,0.6099990088160233,0.8933814142755343,0.29260026318505333,0.4233019298890672,0.7837996822266835,0.5537294171333643,0.9127197822815487,0.4468481607603429,0.9120573066912292,0.8096288141121853,0.6632640145580039,0.5500261827189097,0.8576018427970741,0.8817741089725195,0.6626829901647185,0.6198577928454603,0.5158025693220856,0.9732232455724024,0.7689593849047763,0.869892300893349,0.9133507276981696,0.8702731801701638,0.5168308607303918,0.5841104257002432,0.6932860755738489,0.5999921859983026,0.2636795132896143,0.9197158303220961,0.9174734351342962,0.9432970175484577,0.8651992230535529,0.8187187035133336,0.7538693595374161,0.8764800708651513,0.9417313237316438,0.7874094903013071,0.47653844118179617,0.9218753302287899,0.8740153046954231,0.8260223544185441,0.8571862969179606,0.684284030836595,1.0000000000000002,0.9673836002827286,0.9236078794046263,0.8278346365783995,0.6991579441009942,0.6106750804470389,0.6494677323963656,0.6530758235963599,0.6285197416324436,0.9029855864186189,0.6157978837522259,0.9051623249329355,0.5806636407131234,0.9680114830151285,0.6131031736874835,0.6022127919333209,0.8628545698526605,0.6504189547401685,0.7824102367711367,0.6225378761729854,0.6923912453662765,0.7938803140915258,0.784645998264246,0.8222162754830378,0.8728821666559327,0.8801794479579788,0.75244121374657
FR9695005MSX1OYEMGDF,0.8949797557701203,0.4515680454913333,0.86357279277061,0.49872883506820814,0.6361395735774187,0.8124756553144218,0.7779597685130314,0.7593125192564321,0.8866842442146486,0.5421980671864529,0.9180163001711322,0.7257638408104022,0.9496873306597733,0.1906771523804592,0.8024216734010392,0.889879085909065,0.886033641805427,0.9349932513545832,0.9501242610213201,0.9401648204393084,0.9522861757288547,0.9275565364567252,0.7211825695151806,0.9467404143344994,0.362432982085336,0.9434501402949148,0.32040192377499677,0.6118990687197909,0.9127604338258304,0.6069905071366758,0.5065940760295733,0.7453378006183765,0.6957019465290207,0.6429402579516089,0.46966982743456465,0.18171054890335572,0.9417119775578835,0.2137454524620738,0.6781598006653293,0.8923446363784633,0.20164733957131972,0.4403756900690866,0.7080612060055547,0.500478164782628,0.9456256662076535,0.4081231801202434,0.9222582257277016,0.7586416499896995,0.5730338114376156,0.42462166446732363,0.8258416185512404,0.896692063353233,0.709051020412249,0.5347925073309404,0.4273559647022712,0.973377068472127,0.7007012992552004,0.8389286381817282,0.9496177513559895,0.9059345444942626,0.43033892275252766,0.5048665316214839,0.5826022649546793,0.5226485058417764,0.30722565510743,0.9615438760717316,0.9574131063331869,0.9092861014534352,0.9254531363957404,0.779499937905969,0.7736582072900727,0.9484282216465112,0.9470447332141799,0.7337459695332855,0.4389653281664196,0.930574871129302,0.8459218985200373,0.8857278017383224,0.9045898881958959,0.6244274461058635,0.9673836002827286,1.0000000000000002,0.8831046599476248,0.885998927374369,0.6540855894192897,0.5527660197197328,0.5733651364588769,0.6268460239514216,0.5340224151768989,0.9380524344203051,0.5953388712426468,0.9459457160834104,0.4916722526270548,0.9648726235359116,0.4870156671515202,0.528561222933787,0.9195530515105738,0.6230077856967723,0.7133126140122772,0.5353946471639314,0.6030164808247478,0.7405627906921962,0.7253061567403515,0.7990460921379842,0.8599134549172446,0.8703701882001575,0.7408552763191661
FR969500TJ5KRTCJQWXH,0.7083788231981755,0.7495097458157837,0.935374323510567,0.7333648085362702,0.8626861982523826,0.6267236773867481,0.9322691545815828,0.9026963166095067,0.6379420110538465,0.8178145249646198,0.6969202270303319,0.9293838448884485,0.7892126492165255,0.31272796552752113,0.6507916104683814,0.6429548112408613,0.6394468000658555,0.8389511659354076,0.797121788733643,0.7271272339067337,0.9332534990603796,0.713196465605179,0.7411545964929103,0.8243976379375694,0.5414081226664434,0.7462515861791978,0.5454307750803112,0.8706792521353917,0.891780673399834,0.845822840031253,0.7841066967033814,0.9213029413794201,0.8694315059701342,0.8303359311084563,0.7010499354629675,0.19180289711092013,0.7910134706648857,0.4993552305739338,0.7721625667432201,0.8929419280211118,0.29192272974811034,0.4519028356010853,0.902014508027433,0.7663800987228255,0.8015932305195397,0.7217208333300622,0.9217988643587134,0.9185702282113575,0.7212749252249162,0.6945837365786991,0.8646888093372174,0.8946687853424572,0.7616543152665264,0.5682466813583242,0.6228483008145679,0.8904479566805299,0.8905339230093555,0.826211315974166,0.857691672078771,0.8167884903066929,0.7143798709392674,0.7667258181412359,0.81889865795051,0.814845239062038,0.464711353871573,0.862263501782383,0.7767598454024286,0.9181314600760335,0.7682263315545632,0.9313722628621335,0.8181481720241981,0.775669665271161,0.8436612661017597,0.8008381701979965,0.7438359922605957,0.7843748110995845,0.779735045017059,0.6366572672404223,0.6717405203021587,0.7901786752420473,0.9236078794046263,0.8831046599476248,1.0,0.6381222563263079,0.8593144453758387,0.8064271962663805,0.7953296600915635,0.8406411900483405,0.8203802331495726,0.7673725631843741,0.8119459233607805,0.7647205294255652,0.7493591856922428,0.8990000366374303,0.7480558579423661,0.7878235828762765,0.6915576973894858,0.8386120750539824,0.880313959590997,0.8078867303511248,0.7657265778110979,0.9247862464498688,0.907718846199756,0.9378576873150168,0.7454950728080403,0.7497719118289657,0.8901464863149338
H0YX5LBGKDVOWCXBZ594,0.9462749691464244,0.15185006272278678,0.682659949093606,0.21646006188641853,0.32328387606110487,0.7754095692767289,0.45997830755375857,0.46409984706717367,0.9988616898937719,0.18880180351194736,0.9883674307557798,0.42086554119685754,0.9710001772994229,0.025223555686949988,0.7540700876112912,0.995436929951531,0.9984089591352975,0.9068773348087551,0.9610538992240787,0.9838929428540063,0.8429096029969746,0.9904586706944096,0.4722655123213863,0.9040696685826966,0.03652219172782468,0.9774580541216454,0.06256342937976447,0.2720801533563876,0.7815742500049953,0.29599626408807117,0.16168993417953112,0.40462476928369273,0.3923406982936613,0.2734215885232222,0.1568197296474612,0.12374655701735136,0.9452581450169703,0.022431612284031267,0.3845516239581991,0.7450909409141544,0.14642081161886877,0.22685115442112597,0.4382056750280695,0.12572243488764523,0.9157925727433252,0.024473287935880467,0.7567047245699481,0.4885720432618968,0.22501472773792658,0.13880960675280224,0.6667483060838425,0.7780910080125052,0.4720418582117258,0.32784269713200803,0.16140371158059824,0.8949239923805737,0.33064025783986495,0.5975369310023221,0.8471513058805044,0.8862361164158192,0.1451854670455377,0.21079680205081255,0.3248772393479274,0.1362724371302906,0.012503856044987832,0.855396992721464,0.9562019656914192,0.6721542870055426,0.8736976450322081,0.5047894329547368,0.44391489695106173,0.9334691786180435,0.9137934800400388,0.42746346572343613,0.21103495471887188,0.948311551966618,0.7864038413888409,0.999851563997388,0.9841218016034688,0.3446688078213659,0.8278346365783995,0.885998927374369,0.6381222563263079,1.0,0.3515160959409134,0.24638894717390453,0.29047989246163414,0.3057898872114915,0.17953302756444095,0.9801258550201767,0.3062685727402268,0.9828415082598378,0.1652226881219983,0.8927242794348651,0.19118810942791792,0.22400513736084837,0.9957098371317927,0.33933522402240934,0.4172868875900467,0.22034597407879705,0.286987821603298,0.42371441288106915,0.3652504930205338,0.5126208664658094,0.8389259684946089,0.8770197993920578,0.4327167405843061
J48C8PCSJVUBR8KCW529,0.41047383843370117,0.8580338900052645,0.7559379418595851,0.7638095558114905,0.9624130454000984,0.4899208792669409,0.9484568766508348,0.9594401000958962,0.35486253434053217,0.9659747747621981,0.41473587963735825,0.9548682491450988,0.5369423551085021,0.40474941933812353,0.46360756225319305,0.3574763673913217,0.3541967652654555,0.6364895844362304,0.5632148629163642,0.47348512601805887,0.7588838441645854,0.4578524836995797,0.6540172576239043,0.6130838019754463,0.6815290680632632,0.5069567327809439,0.6910824886825363,0.9623968623874071,0.8068895801064633,0.982350402912306,0.9512872101932501,0.9321681692922197,0.9243364026397254,0.8108219052753064,0.9029058396336513,0.17667546727718852,0.5589404777531876,0.6736111855492598,0.6754258666327595,0.697012796204707,0.1412398075824805,0.43004917761070666,0.9287161195462325,0.938459815390068,0.5225792653493821,0.839651936663734,0.8252128653555114,0.9778024080130012,0.7152108765168869,0.7114232345446855,0.7116796175593669,0.7714884050630543,0.7537548085430252,0.3746565959209289,0.6817798821406967,0.6546639470023803,0.8993124945279507,0.6652614803180671,0.7078475656119632,0.5258586077974634,0.9455702145549039,0.9686533684705751,0.9398301887054333,0.881915613568678,0.5907253316769052,0.6411410357492471,0.5196425358199068,0.7609283903593523,0.5895331447142428,0.9523006916622649,0.7933351850563972,0.5638615866905671,0.6613123384268024,0.5701459469939321,0.6728423966504388,0.538505610107536,0.5229250898965786,0.3517111309250867,0.37757551862360994,0.8626334413564537,0.6991579441009942,0.6540855894192897,0.8593144453758387,0.3515160959409134,1.0,0.9877651331981764,0.8221954063705017,0.9713291953223651,0.9501620233278595,0.5142795884693178,0.9669844898154313,0.504565925730526,0.8068727662325951,0.7096123384962583,0.8901163976331986,0.9794793432970131,0.4208206051096174,0.9809340709655782,0.8452979700685825,0.9589397482520667,0.801893816897917,0.9718960133913462,0.9140137867916256,0.9476243120981503,0.45640622364600125,0.47977008231474516,0.9481399764508035
J4CP7MHCXR8DAQMKIL78,0.30065562212229396,0.8808812513377335,0.6874976415004918,0.7464316698060849,0.9519131918587315,0.38082876827938394,0.909573599634328,0.9234007048183237,0.24950944493012386,0.9679940522559322,0.30403293861883746,0.9296526799118793,0.4367117649359241,0.4305192755130486,0.3643756171874793,0.2522246381185134,0.25000299019285965,0.5481659161285466,0.46158389576889913,0.3658424257659004,0.6864894623277035,0.35263545220809445,0.5934200916608093,0.5216192267566034,0.6856503213524765,0.4002629354721082,0.7214998313354695,0.9552570665993427,0.7276980057878031,0.9780335445108873,0.9570973768846066,0.8967178677546193,0.9029153053364203,0.7762445170347104,0.9077267143110842,0.17415081193048393,0.46286719420002453,0.7006541078592948,0.6235732794337351,0.6064932803106363,0.11949390290092976,0.35696603450303327,0.9056864115430284,0.9478049269177038,0.4187102708088129,0.8446947753397709,0.746679555442812,0.946620490226099,0.6886099100210695,0.7033312219977939,0.6387267092380892,0.7056753094560995,0.6964841013365306,0.29112738077274236,0.6758047800760606,0.5588045252803059,0.8683792973827125,0.6041125406443548,0.6110315774348887,0.4393502741135873,0.9762939919143752,0.9810407682554191,0.9364095646738629,0.8933277742673926,0.598286770662242,0.547557999383164,0.4075535052964797,0.6725083369701738,0.4911401552469505,0.9139685771794149,0.7245882093635098,0.45878170532844786,0.5721651582336272,0.5142664406799207,0.6935586150206416,0.44197591278380366,0.4230128737626777,0.24658921194065955,0.26888008899514404,0.8299930752136742,0.6106750804470389,0.5527660197197328,0.8064271962663805,0.24638894717390453,0.9877651331981764,1.0000000000000002,0.8006095539549358,0.964505576831138,0.9592773296022598,0.41749516325184516,0.9661020520579978,0.40379626158873533,0.7956254537568046,0.6250794214236375,0.9066464230055195,0.987664921937286,0.3155767319781037,0.9784749774741223,0.8199972409713348,0.9703274646822682,0.7603364226003171,0.9475535505315108,0.8815164578859649,0.9030841244987479,0.34834770618232186,0.37949936989765226,0.9046729322708204
JEUVK5RWVJEN8W0C9M24,0.44002859805166317,0.7057375336635008,0.7579926445009239,0.9860558685096461,0.8975617898717305,0.4067343884704765,0.8255822080546564,0.837125122485539,0.29759758121459673,0.839202774601064,0.36215969475083654,0.8347564065803216,0.45434562423560637,0.3163662362020423,0.33962141676470375,0.2999902644145743,0.2920308177810118,0.5806566071914822,0.5068554471077673,0.393850578682386,0.6652346435760389,0.3776365100253864,0.7920102778084878,0.5446289494578508,0.6120034291009289,0.40433370720721085,0.5414177026682369,0.8867005429632654,0.6580320821497648,0.8454794981968897,0.8810962005479087,0.8821411621328427,0.8259937959749011,0.7628162083035502,0.7219767202727229,0.1222912128445233,0.4710877842447432,0.5926702485389463,0.5615297112240345,0.6783521932030528,0.5685582099821841,0.27833416016380175,0.8894635003938408,0.7793319039193796,0.5056840408028273,0.7857821698352975,0.74876347336372,0.8218019326258836,0.6447790066050958,0.9612622274300063,0.7911047631177289,0.6602785093356351,0.8271183004312257,0.4772631406675242,0.6409317953306503,0.6135462775625833,0.8642977978736996,0.5298133636099187,0.5718323790949562,0.5193267373582325,0.7388223709286523,0.7663179870279959,0.8097050867221934,0.7862788744689043,0.5444153645834249,0.5364120273853081,0.4614371689277405,0.6989548126846971,0.46318210057358955,0.8264887778065922,0.6776019161346014,0.5127248976732525,0.5492253961021601,0.5776137991946457,0.5881143433590073,0.49832748780073466,0.5763478021692358,0.2869614036708394,0.3269530888715655,0.71126586862082,0.6494677323963656,0.5733651364588769,0.7953296600915635,0.29047989246163414,0.8221954063705017,0.8006095539549358,1.0,0.8761094390515666,0.868526394823896,0.4477975803578599,0.8203604530626114,0.43381894041982816,0.969900354021746,0.606614714388991,0.6962024456196207,0.7867253886203153,0.3425619718898572,0.8036269176634034,0.8310376240727234,0.8505461872153426,0.6299724327939974,0.8394297258110264,0.8822026365929138,0.8880660874786369,0.5890930877189565,0.5178112111016138,0.8363375006264124
JU1U6S0DG9YLT7N8ZV32,0.3640432666813553,0.8630537573422689,0.7651244929335295,0.8197786195716091,0.9791881088718333,0.47966593788058604,0.9369688697726856,0.9466519491061729,0.31028130734617565,0.9433744553353787,0.36352508038251236,0.95045100106504,0.48813691902242506,0.45663594650668704,0.42083113669790745,0.3109577451947901,0.3063434147669068,0.5863478285596235,0.5137302754452733,0.4370301892920405,0.7147179076026698,0.4135631922707567,0.7419546706236587,0.5698740476729736,0.7682452692943295,0.4559235111675655,0.663217218131455,0.9696705676019431,0.7623483009562213,0.9683898021303323,0.961120439030279,0.9341854555099354,0.9539419372305661,0.8012856034985107,0.8760205302512205,0.19721865945773837,0.5342850360840622,0.5544931560754567,0.7137795125797033,0.6802864010380286,0.26297741505368444,0.3944200733055987,0.9182361856923535,0.9481570972615312,0.507322693933407,0.8867735252190233,0.8005837273208923,0.9427062951630111,0.7032459042466451,0.7639406129171684,0.6882171870122545,0.7321983115700323,0.8200723310033514,0.3017003484282427,0.661604179556147,0.6124481567592022,0.9052326546513892,0.631579079073683,0.6732767785634322,0.5290959334754818,0.9055247016680122,0.9206793380453258,0.8726096017333186,0.8929017460430396,0.6891645919116763,0.6208419200170706,0.48075491006041055,0.7103415647973451,0.5662642555744656,0.9337634243442843,0.7953876742607664,0.5469943391113371,0.5990246506111432,0.5833393506579103,0.6730898206877495,0.4808049707937344,0.46276933757945005,0.3045554524215992,0.3240072996932196,0.8185719636045626,0.6530758235963599,0.6268460239514216,0.8406411900483405,0.3057898872114915,0.9713291953223651,0.964505576831138,0.8761094390515666,1.0000000000000004,0.9395604874889595,0.46888883926430347,0.9631196198879967,0.4605793761710937,0.8529938069558353,0.6572090124306493,0.8168965562054844,0.9390719288006995,0.37491325288589716,0.9666442156480253,0.8581077791698036,0.946633323171744,0.7257540315293834,0.9577788532456903,0.9160109715428556,0.9525339662893052,0.4547810883858841,0.41690608441465826,0.9493348420213277
K8MS7FD7N5Z2WQ51AZ71,0.29209113371294154,0.8479343609658629,0.6813453683727332,0.8348912337772225,0.9577008713277543,0.3099150766016573,0.9003701957103974,0.8977957482585106,0.18200070987782085,0.9758278471087912,0.24955594613307874,0.9150807383556436,0.37650702592044255,0.4306935416166463,0.3092502522231717,0.18590248687970756,0.18233453666302937,0.5245025739045688,0.4142567048461918,0.2985874373920225,0.6577826941093832,0.2852152056114253,0.6320132320836648,0.48806780883179934,0.6813414767376907,0.32905376644782375,0.7282294896838986,0.9679624062219663,0.6568010961093227,0.956159577660155,0.9717838037094787,0.92953472104115,0.8947771541872861,0.8504025371346853,0.8736771988932273,0.17920491973484798,0.391035546193854,0.754462073626191,0.5888778646654498,0.5982680880510393,0.21992021666047062,0.3135616649285459,0.9269035261435402,0.9372734373705283,0.39689660088563616,0.8509051077738566,0.7130976089245908,0.9166579844690158,0.7555510012134317,0.8251700469352667,0.6927160479000424,0.6520909269193879,0.6825146230217516,0.45382891269331344,0.7070899265243891,0.5529545992886523,0.9240152209835084,0.6476031698721321,0.5450693001337193,0.3934872338607846,0.933038616298706,0.9376414659078591,0.9399374843732736,0.920734598905696,0.5987014615841961,0.5067636513626338,0.3595361191820045,0.7115653787583458,0.4290733380228894,0.8888968754990845,0.726328394283822,0.3976911406878235,0.5178187620418888,0.612236438628024,0.6731181428211278,0.4104363929685648,0.4743531596985847,0.178378129268469,0.2194776361644952,0.807546384109968,0.6285197416324436,0.5340224151768989,0.8203802331495726,0.17953302756444095,0.9501620233278595,0.9592773296022598,0.868526394823896,0.9395604874889595,0.9999999999999996,0.36254322302436154,0.9152237125591249,0.349589743657556,0.8878171860108639,0.580981419357069,0.9195176048078539,0.94665337407174,0.25039746795703915,0.9226795459578768,0.8853344352686143,0.9688444059592125,0.7730741794883379,0.9461401911861197,0.9393311707741109,0.8983717786574933,0.3668652820955383,0.3971766194748997,0.8798611996953238
LIU16F6VZJSD6UKHD557,0.9596066123778622,0.31456907787705585,0.7937397660952477,0.36947602905142163,0.4916818753478352,0.785956892055056,0.6102395612357558,0.6072673939604074,0.9789168726544614,0.3677105179420707,0.9855205899903849,0.5792485307555413,0.9942295816334464,0.10260548232889444,0.7807664215489677,0.9782854141104355,0.9797218276714419,0.9634794000864702,0.992585728056218,0.9891244421823129,0.9256372592399705,0.9917013551616496,0.5595265790143381,0.9504655153616511,0.16904919616933772,0.9881439634228575,0.2096160048876858,0.449039288153496,0.8652518271563971,0.46674492157240616,0.34260939485401565,0.5567887866345496,0.5468333183708746,0.4236227885701205,0.3195286775740542,0.14766530492034588,0.9718779272464168,0.17376204327411768,0.48736900071039724,0.8309876115955398,0.18854117475857143,0.2783513232712604,0.6027819506919655,0.2961287510779303,0.9443948234941,0.19445001793839412,0.8591036582389587,0.6398302150171604,0.3404923913583884,0.29726066946338026,0.7762579333135222,0.8703029626955564,0.5715684281318185,0.4044326152552761,0.3066161732100129,0.9572429329285558,0.4848300690187301,0.6726804015784961,0.907232908448185,0.9212846957888342,0.31589226394797526,0.38020846220628296,0.49375455218703895,0.30225406105227043,0.12855626444746737,0.9063389642056572,0.9753776572849372,0.7724419340469195,0.9042476825042041,0.6529432068519407,0.5570130475910846,0.9571858898463165,0.9675452186087566,0.514717111451234,0.35264243978948784,0.9822193516759068,0.8514079046847224,0.9799353327471692,0.9749866803442644,0.48952039718031576,0.9029855864186189,0.9380524344203051,0.7673725631843741,0.9801258550201767,0.5142795884693178,0.41749516325184516,0.4477975803578599,0.46888883926430347,0.36254322302436154,1.0000000000000002,0.4636221628210552,0.9986110750414078,0.3292880336300451,0.9582634587787066,0.35793281192675613,0.39479405505742343,0.9883482744613387,0.4990425995756219,0.566015225583449,0.4007462178992799,0.4218833718767843,0.5841599954883648,0.5230896301616758,0.6586950435909771,0.8726892807789436,0.916720720896127,0.5819975965179616
LOO0AWXR8GF142JCO404,0.34695882887163515,0.9152692702321684,0.7300548908575539,0.7735638292031938,0.9476473548821478,0.5231066709927308,0.8917611893308932,0.9522315400937421,0.3171971195846316,0.9220258826006503,0.35555638461238237,0.9126604942849501,0.48049892303817243,0.3668312791139684,0.37697216149560747,0.30993089284299685,0.3079521544259313,0.5678473316615048,0.5130799785286443,0.4212686543125117,0.7092961943661487,0.4112053594169325,0.7195615966244197,0.5596156751742231,0.63879296631758,0.4496096929008346,0.6721032741000348,0.9403229518806726,0.7481503418091522,0.9366697047942322,0.929634089361834,0.9085759830117328,0.8793885171290263,0.7906361978606075,0.8424926914177393,0.13977276600035618,0.5382833109984538,0.6268794202411444,0.697517143221067,0.6533279234414987,0.1319212281910319,0.3329409553512614,0.8656467840471049,0.9174399873119341,0.4892585725043948,0.8284681403585402,0.7842010747294912,0.9196647358986701,0.6766585386328151,0.6951823725673458,0.6859422085173286,0.7361834062110406,0.8092777223554736,0.2747384639232844,0.600373169543027,0.5904832806662923,0.8664866252736042,0.580545585677768,0.6506905873301151,0.5178947658809137,0.9065917656432831,0.9439487321392389,0.8721110842464177,0.8687025037741044,0.5556537092827223,0.5823314414345,0.4574722661404521,0.6817763094980022,0.5678356238580464,0.8858566076328559,0.7400771689182432,0.5569324631831425,0.5890809939215251,0.509262665966515,0.7078162626849188,0.47123749816619676,0.4420458372244295,0.30639724928801676,0.3210180608498443,0.7692670226072033,0.6157978837522259,0.5953388712426468,0.8119459233607805,0.3062685727402268,0.9669844898154313,0.9661020520579978,0.8203604530626114,0.9631196198879967,0.9152237125591249,0.4636221628210552,0.9999999999999999,0.4535188351954625,0.8243456115086023,0.6452305586194216,0.8206722734291315,0.9458573250837571,0.3766661147705992,0.9905743697629543,0.773927388523717,0.9145282728300408,0.6983155798133002,0.9149198598038478,0.8849309087245157,0.9254839756886251,0.39120699490874666,0.4154640738434481,0.9104671830763996
M312WZV08Y7LYUC71685,0.9584318315423366,0.30672897915209885,0.7913090230123491,0.3550018201303371,0.48218198969342174,0.8001075724206871,0.608125432998429,0.603476703426384,0.9816051521716469,0.35722990819069633,0.9886255576890473,0.5733424097900859,0.9949140598372801,0.09407561437468936,0.7813019680127178,0.9805124181387923,0.982394354505379,0.9579945349195698,0.9912259553460435,0.9932456258352275,0.9213222335605007,0.9946309277258566,0.5665313010208237,0.9494702559078968,0.1727966861611023,0.9919268343786728,0.18800589730473272,0.44063013748471247,0.8649962122617337,0.4546421926266299,0.3319077469963594,0.5560560824694285,0.5408293948980479,0.42762239937397095,0.31298540200939867,0.143758541392421,0.9750576771484522,0.14678650531633305,0.5004158528014087,0.833504022327134,0.17792678554537916,0.2969632709959224,0.5865169788667842,0.29261650744397366,0.9499146995268173,0.1940768748667133,0.8553131502676854,0.6317845174866422,0.34957841695196445,0.2812097263691614,0.7669996660356234,0.8592691777616985,0.574534775809249,0.4145792270584136,0.2836066708520029,0.958411534925743,0.48449287527719037,0.6824688288946332,0.9121167408589178,0.923878081779882,0.29765290620806206,0.36453362056467636,0.47397895634360826,0.2995265164989367,0.13470390461875856,0.9122418630384133,0.9805742069538832,0.7782099933754948,0.9132579347305371,0.6474416504439332,0.5699551744964476,0.9629841069511452,0.9633242992686227,0.5285615685189161,0.3420118498307601,0.9780380216690365,0.8477386197064962,0.9825636182096059,0.9792251006993393,0.47793650873794563,0.9051623249329355,0.9459457160834104,0.7647205294255652,0.9828415082598378,0.504565925730526,0.40379626158873533,0.43381894041982816,0.4605793761710937,0.349589743657556,0.9986110750414078,0.4535188351954625,1.0000000000000002,0.3179618881990442,0.9556949221794521,0.3399341144549384,0.3804694467202016,0.9919304961303895,0.4886842976706987,0.5564551911287444,0.38228820748537895,0.4217872522514061,0.5769072889206421,0.5210266467547852,0.6546748672364001,0.8729510315184522,0.9135443367202777,0.5807673186229603
M6AD1Y1KW32H8THQ6F76,0.33783666803676915,0.7536885578100097,0.6943630677245888,0.9793383098271115,0.8837027467210612,0.3673488520161172,0.80290150826248,0.834773557499788,0.17359211586930898,0.8501815911372286,0.2429747219262304,0.8106385491359395,0.3377132312747785,0.32828857352440466,0.2539710479426314,0.17461386574577975,0.16758625621515463,0.48808747470291736,0.4003932574581093,0.27214535717788996,0.5911658927874146,0.2630254130117963,0.7661750838390263,0.4565759346232303,0.5563652649818176,0.2865811094347969,0.5400585792370142,0.8828794663068291,0.5794733256461928,0.8211560685988754,0.893245889891566,0.8930595131208151,0.7767908874048731,0.8385308374567834,0.699661792747179,0.1457876452007507,0.3765110780551731,0.6632207520070712,0.5647580698367839,0.6229690456101685,0.5135121274154011,0.23544672620557375,0.8437083441713105,0.8079802841242734,0.43167409318480443,0.7904660484034632,0.6862128687905867,0.7816499589599825,0.7238704763834406,0.9635731237679863,0.755233288954027,0.5780849481415379,0.7791261177763859,0.5259686588853478,0.6310952769463699,0.530813976511246,0.8883178699445852,0.523216960155494,0.48153981135616464,0.4292747874508665,0.7316522892702217,0.7773135980430308,0.8038694034008991,0.8181236494767508,0.48246858278703425,0.4560704003973897,0.3502722839333688,0.666270389040638,0.41044055578238703,0.7648230585443574,0.6779549653996816,0.418300280252435,0.44659794642449,0.5905818776334749,0.5837310018546509,0.391294660790638,0.5150439312511155,0.16159577008696344,0.21547378191650485,0.673768166864668,0.5806636407131234,0.4916722526270548,0.7493591856922428,0.1652226881219983,0.8068727662325951,0.7956254537568046,0.969900354021746,0.8529938069558353,0.8878171860108639,0.3292880336300451,0.8243456115086023,0.3179618881990442,1.0000000000000002,0.5105537125891603,0.7075275488317375,0.7877718733456072,0.22731881783978658,0.8007828196689336,0.8145431988716959,0.8362409864423194,0.6361213646886339,0.8148583073928765,0.895441781963206,0.8620913802515385,0.48716946724792776,0.44248732637445626,0.8049818284366569
MAES062Z21O4RZ2U7M96,0.9015280777432108,0.49888699267237324,0.8737882228633133,0.5339394739543859,0.6767440197549115,0.7604452635416166,0.789785948578382,0.7833409987811402,0.8908715635350845,0.6023919525550007,0.9243109260543143,0.7634532748679911,0.96835111398671,0.1842703995604169,0.7908746857405814,0.8928439250506347,0.8928458939926529,0.9645071939924417,0.9680384214221999,0.9368440092174137,0.9867957697827886,0.9337732279447263,0.6297350018702648,0.9512391854043479,0.30866753731262364,0.9519896888343873,0.3857825997858762,0.6456729121967368,0.9552405942571249,0.676312782160883,0.5542168092813622,0.7434782297512886,0.7037951855891533,0.6050125229576119,0.5133646346438393,0.16453939030238626,0.9467743193690951,0.35467571215932797,0.6083971612215145,0.9040685408087542,0.2382808118103416,0.41606484533243016,0.7711336805749486,0.5239884368429848,0.9318557267236313,0.41661352733557705,0.9382813536957237,0.8163128345994425,0.542838712168431,0.46868421535794574,0.8351362916988704,0.9334549659277764,0.6714086971027787,0.4734861826384448,0.4920277126700769,0.9774453087393298,0.6876466578121434,0.7797977682321618,0.9544104086816816,0.9129673787990908,0.5337935724521142,0.6015297115848768,0.687367563833577,0.5349509146515473,0.23941795127213644,0.9375593071732564,0.9558113653189769,0.8862420447191462,0.9038930323764895,0.8224808155816618,0.7027831456212934,0.9301087225191071,0.9886589169541605,0.652359226526772,0.49687692878551515,0.9591528490207891,0.8539480570777057,0.8919846399726409,0.9026761986741461,0.6893209391997815,0.9680114830151285,0.9648726235359116,0.8990000366374303,0.8927242794348651,0.7096123384962583,0.6250794214236375,0.606614714388991,0.6572090124306493,0.580981419357069,0.9582634587787066,0.6452305586194216,0.9556949221794521,0.5105537125891603,1.0,0.5825462373223355,0.6169670184157586,0.9212385484581078,0.6814462448910017,0.7209801314721576,0.6144253030878247,0.6424092298120672,0.7723856459929335,0.7097752708412567,0.8139366773586345,0.8728559934512389,0.8860931907768342,0.7545898078499539
N1FBEDJ5J41VKZLO2475,0.2644280366293044,0.7290555865539053,0.5499674841715391,0.6647927831410828,0.8437897327856383,0.2281367282180633,0.8133450271686278,0.8229822095406497,0.19028042869104805,0.9337944017475728,0.25561445088751567,0.8191927612202518,0.3734643071054767,0.31733562447223673,0.33255696339029267,0.1943864584343613,0.19232010220645152,0.4888033145343236,0.3952716949974609,0.2850309689507376,0.6408996236349035,0.28009926428038495,0.4214438511751992,0.4603438845036644,0.486442774501611,0.3352291911618241,0.8425223125603265,0.8373448896784519,0.6473721626047775,0.9075738864298496,0.8548663202015773,0.8164155557219356,0.7592719766813946,0.7194837964977278,0.7917250243279319,0.09873098485737261,0.3492554407660313,0.8104871341677524,0.44481083061603777,0.5305619087274784,0.09929958374317711,0.35607887777276054,0.8710596640847177,0.8392104452917666,0.3474276766478444,0.6832171068512362,0.6354464609852739,0.8782092757837593,0.7130031540979337,0.6606796663524016,0.589752013794271,0.627684824040647,0.5048934818413784,0.3639799860378241,0.7671760427382897,0.5067454355567261,0.8270352860359232,0.6327416909163878,0.529126394443005,0.32333595628293055,0.9212486842117436,0.935145594973736,0.9344978233049006,0.8267193879287132,0.3823382532433432,0.454217442937552,0.3532525479507246,0.6865129926076886,0.38568037734619376,0.8320834967527613,0.6175393961349432,0.3340450839335924,0.5405149585629689,0.5636562732150898,0.5711257934128648,0.41534559874567795,0.42419925905387734,0.19110743087092902,0.22024773713241608,0.8376943420287438,0.6131031736874835,0.4870156671515202,0.7480558579423661,0.19118810942791792,0.8901163976331986,0.9066464230055195,0.6962024456196207,0.8168965562054844,0.9195176048078539,0.35793281192675613,0.8206722734291315,0.3399341144549384,0.7075275488317375,0.5825462373223355,1.0000000000000002,0.9275855288459147,0.25257504411305853,0.8417299954402847,0.7832615386055761,0.9275279428976999,0.8421215321035852,0.8848331785338313,0.832306101770938,0.7742081896243517,0.32214907571848334,0.35180519977446517,0.7725612165699463
N747OI7JINV7RUUH6190,0.29081247472866256,0.8540758921016122,0.6669272861849059,0.7449909301751682,0.9314785008539842,0.3664953738758715,0.9017975881719507,0.9199469893461335,0.22622531095449291,0.9792564544717866,0.2943161714535251,0.9232652873550171,0.4224995873336944,0.40921653828209736,0.38774477634334664,0.22981456787350965,0.2269497957685066,0.5328215296512708,0.446715828320634,0.34525657669355125,0.6688387035544024,0.3339439995058263,0.539013988490625,0.5012346471641084,0.6213919488044767,0.3894931732608526,0.7352906368192936,0.9346326296853407,0.741175684262894,0.978133931221353,0.9454167294244141,0.8824381495027046,0.8693102793334778,0.7676241362260132,0.8883374888203946,0.17750545691193417,0.4385494908902476,0.7458724478580798,0.6079570882475224,0.6223206405632579,0.13944085697160338,0.4388331278622003,0.9005833735409076,0.9320602469273089,0.4037972403386244,0.8339343959711696,0.7356391207997192,0.9459539103544948,0.6961150852144716,0.7065365811117365,0.630440223002397,0.6905600983273524,0.6712290440570597,0.31423787753532423,0.7262316559089841,0.5417430180335736,0.8601031025687522,0.5773376986904118,0.614540779764628,0.41415567314242224,0.9701516349363936,0.9945567712035037,0.9523822503891779,0.8716335462307534,0.5184271102340211,0.5335963185270378,0.40523202093334537,0.6842106582876972,0.4793884227559894,0.9097548308163141,0.718533422084092,0.4349319903157704,0.5728674825646214,0.4976416612968874,0.6626431322439551,0.4329886671103445,0.4287976604766811,0.22410709329751055,0.2518166227738957,0.8752768059980593,0.6022127919333209,0.528561222933787,0.7878235828762765,0.22400513736084837,0.9794793432970131,0.987664921937286,0.7867253886203153,0.9390719288006995,0.94665337407174,0.39479405505742343,0.9458573250837571,0.3804694467202016,0.7877718733456072,0.6169670184157586,0.9275855288459147,0.9999999999999996,0.2935995910929864,0.959676182768852,0.8003343243273479,0.9658793149894205,0.8269812071696483,0.9343150988408073,0.8624834723585407,0.8864942902383668,0.3675977670691417,0.3732059104950846,0.9035967817933511
NHBDILHZTYCNBV5UYZ31,0.9482313707690095,0.22021009419965748,0.7233473337858457,0.2688476681282208,0.3881475969101256,0.8077591838363138,0.527094043697226,0.5348456733764536,0.9957099729822128,0.26058181493229843,0.9909945663651625,0.48918875263949113,0.9832024287739477,0.07642548275982292,0.7798739458449168,0.9915656013504027,0.9942903444862079,0.9295959627940824,0.9756385561348034,0.992095891651719,0.8776334072526096,0.9972419405400168,0.5255448889019583,0.9281144679199607,0.08718464262266977,0.9887343819445772,0.11314106621148791,0.3410408788970585,0.8247650319160059,0.36062507812927064,0.23026633306397173,0.4761311873569824,0.4564452008193301,0.34793544054975406,0.21926094172442598,0.16059944419742506,0.9634493767456596,0.0671862339707177,0.4481284540648642,0.7836206066930208,0.14195575661598564,0.26980324355427543,0.4910809126896031,0.20082056217172678,0.9352242012578796,0.09640583757567368,0.8011458777523771,0.5500061454966587,0.29483161402652824,0.18654221024337067,0.7066630034136054,0.8163519264215549,0.5283337071801814,0.3623619169366304,0.21110554662646244,0.9214908715242126,0.40457949353552985,0.65275559353719,0.8843764099171512,0.9033528350199109,0.2072962291903411,0.27870783827340484,0.3837462449323045,0.21051348839877576,0.055510058371492144,0.8935114619244285,0.9712666147588682,0.7249700935727205,0.9062072813350157,0.562949870015906,0.509982938299212,0.9560928980600271,0.9371279657381025,0.47939155801346106,0.257437061379656,0.9589761030483914,0.8046003393888641,0.9955868793709782,0.9847030815701415,0.40443280377375923,0.8628545698526605,0.9195530515105738,0.6915576973894858,0.9957098371317927,0.4208206051096174,0.3155767319781037,0.3425619718898572,0.37491325288589716,0.25039746795703915,0.9883482744613387,0.3766661147705992,0.9919304961303895,0.22731881783978658,0.9212385484581078,0.25257504411305853,0.2935995910929864,1.0000000000000002,0.4075416359086623,0.48038492354345436,0.2829813705545377,0.35254994857365635,0.48978088356493743,0.43677437297932575,0.577210834326559,0.8489397920698237,0.887158765709283,0.5004906141954435
NNVPP80YIZGEY2314M97,0.38133381713953746,0.9245780865345719,0.7637670425232329,0.7447891360659823,0.9580100176537127,0.5225759061387073,0.920881567215401,0.9550459826894019,0.3442776138336903,0.9355088584671298,0.3899600452126935,0.9360195926871915,0.5170331246580212,0.3723841049675309,0.4077238945150883,0.3441624569282496,0.34114144856831735,0.604001611048014,0.5448543419066386,0.4557278358892022,0.7443312858227277,0.4452994410018799,0.669289705396547,0.5893192723180409,0.6522681597925403,0.4838181765778348,0.6718918815527214,0.9522026014561586,0.7800481056664813,0.958329029265178,0.9411406046407585,0.9142901143128968,0.8960776296765934,0.8050366638167621,0.8651045154892832,0.142004543753009,0.5730187285867909,0.6390576678263329,0.7117148730270021,0.6877392109867306,0.13163234172313043,0.34778891934061323,0.8930734284843495,0.9360343292434754,0.5247199496118917,0.8359642050191156,0.8120647980073259,0.9457647003013017,0.6899020200777942,0.6804944744685043,0.691109550543784,0.7583684083578418,0.7593963971897557,0.294149709682116,0.6226790944444326,0.6268061345303796,0.8689743129992614,0.6041065545881408,0.6832136313404358,0.5529821542650117,0.9253832344853333,0.9587577263298681,0.8977330627249512,0.8752268370479618,0.5660569563292006,0.6130711778291021,0.4901782992367631,0.6973959890483925,0.5986382681875435,0.9134697630018488,0.7668120120494444,0.5658821808820176,0.6268852887716387,0.5303445133373318,0.7303364794197575,0.5074996648544681,0.47640341155780136,0.33945930179980177,0.3549895706900951,0.7946044562056575,0.6504189547401685,0.6230077856967723,0.8386120750539824,0.33933522402240934,0.9809340709655782,0.9784749774741223,0.8036269176634034,0.9666442156480253,0.9226795459578768,0.4990425995756219,0.9905743697629543,0.4886842976706987,0.8007828196689336,0.6814462448910017,0.8417299954402847,0.959676182768852,0.4075416359086623,1.0000000000000002,0.7926116122404883,0.9340921179183046,0.721825535177725,0.9404262722300257,0.884506338793428,0.9358953411645402,0.41948932684099915,0.4479964365505746,0.9244647495045364
O2RNE8IBXP4R0TD8PU41,0.5300062114147207,0.6786486123395535,0.7734478646385826,0.793953194306901,0.8669647762165416,0.44601443712900724,0.893619817992394,0.8530042507601804,0.41618507859002607,0.8428466738772492,0.4838014339445053,0.905868154324864,0.5745704633079071,0.637368515820964,0.5621634193419116,0.4252560297392226,0.4198440757382712,0.725446884145403,0.6040756444878579,0.5202472657127049,0.7706871774709905,0.5081310801906765,0.693036929256297,0.6799508192261656,0.6015330592235459,0.5317878690971609,0.6140451617362412,0.8699242767461144,0.7456465862086763,0.843959746041597,0.8281258422913548,0.8953995941009831,0.9080911330029088,0.8231811433863939,0.7276783386747415,0.48240582215220934,0.572177447634347,0.5723241469442532,0.6314756842589817,0.7287853669423648,0.3446889351852481,0.3482822355216785,0.901767159793708,0.7858015378934068,0.607448810216484,0.7313544508258829,0.7931698589449983,0.8671334824399655,0.7293863808379554,0.7908290122721217,0.806964812527638,0.7578687069143063,0.6933763825601513,0.546125214831047,0.7309316633859039,0.7206977733111072,0.8967997998019178,0.807438439591192,0.6963709830206855,0.581183314302284,0.7444456892100648,0.7665833173593325,0.8514758642361094,0.8028087340755842,0.5259614187064042,0.7416719896414046,0.574044704340741,0.8139053198428519,0.6149853964469564,0.862623148351847,0.7616399940444116,0.5748946584278927,0.6837883199055177,0.7257552216168225,0.5825817029210246,0.6125437047723346,0.6574821236421639,0.4151975822996648,0.4598744628213964,0.7919749251667425,0.7824102367711367,0.7133126140122772,0.880313959590997,0.4172868875900467,0.8452979700685825,0.8199972409713348,0.8310376240727234,0.8581077791698036,0.8853344352686143,0.566015225583449,0.773927388523717,0.5564551911287444,0.8145431988716959,0.7209801314721576,0.7832615386055761,0.8003343243273479,0.48038492354345436,0.7926116122404883,1.0,0.8445216799291149,0.7360483978279059,0.9069327708830213,0.9057523331411907,0.8920562817961963,0.6016416580332642,0.5970893711969301,0.8485988427269182
P4GTT6GF1W40CVIMFR43,0.3207068572023163,0.8297970143126429,0.7032296751755469,0.8051535984753849,0.9532622072650608,0.30646928097390647,0.8995984135579226,0.8953672667290791,0.21908289548453574,0.9723828909119001,0.2873802627525973,0.913050504762546,0.41719487406653744,0.38134620742852354,0.38153697483135646,0.22679250011342983,0.2227217849856508,0.5378221695564253,0.44669413155599713,0.34114363369351275,0.6808344019006325,0.3215218249715824,0.5710181957340659,0.503915353620825,0.6842099884944826,0.3699372800324121,0.7605918891594736,0.9492818827739693,0.6979247568192544,0.981365431520251,0.9616393756622311,0.8930261848195451,0.8898433227475727,0.7841232697718739,0.8780004295946751,0.11385609850283289,0.43021666890723315,0.7252922372046544,0.5815940013914535,0.6158405715380716,0.26548750025269136,0.3398313435280419,0.9521554446815326,0.9355826031407037,0.42112244274720695,0.8337650910683795,0.7461238594859748,0.9336441238462284,0.7018154747585972,0.7866403268041862,0.6550414232433697,0.7050219700603337,0.6577543011989874,0.3265632523665733,0.7830974232756387,0.5563905682061143,0.8853614174091552,0.5909693115884197,0.5788669997880026,0.43127848382683387,0.9588784842306443,0.9615439551922572,0.9456657245907585,0.8897511056149783,0.5852003200596446,0.5125524223458141,0.39591007237179876,0.6782036275105782,0.44135991182486656,0.9096101342747361,0.7046129895880396,0.41191564645661854,0.5620256576206676,0.5594287164599675,0.6704837309049213,0.44564342080759556,0.4598207977422018,0.21926432240198507,0.24936201395626778,0.8716349254561669,0.6225378761729854,0.5353946471639314,0.8078867303511248,0.22034597407879705,0.9589397482520667,0.9703274646822682,0.8505461872153426,0.946633323171744,0.9688444059592125,0.4007462178992799,0.9145282728300408,0.38228820748537895,0.8362409864423194,0.6144253030878247,0.9275279428976999,0.9658793149894205,0.2829813705545377,0.9340921179183046,0.8445216799291149,0.9999999999999994,0.7767776705505862,0.9547706564441102,0.8919253608482332,0.8918279128512538,0.401364305978559,0.38971353086065563,0.8850057978312966
PSNL19R2RXX5U3QWHI44,0.38781820698944464,0.5968508353930776,0.6333614795032014,0.6136182359382107,0.7372097661770692,0.38751087893036645,0.8322540826986554,0.8096940209970421,0.2852552454036844,0.860735900713404,0.3954982653438551,0.8227120425981381,0.4768372100863594,0.291677146118861,0.5730473708471046,0.29275011570002707,0.2882637712838805,0.5412811483955873,0.47986041871021534,0.40711340706306126,0.6462855865373163,0.3863922959785339,0.44727057822544275,0.5244023469768957,0.4340487886003905,0.4650579758400655,0.6721123003966551,0.7571271298094318,0.7608994324501771,0.8181425988163926,0.7405123841269617,0.7966258628199514,0.7166499121655203,0.7482135446808872,0.6915410670553755,0.19195633720122993,0.44103224407967895,0.6258116181212225,0.6304152531859015,0.7128592222038134,0.1562122017248677,0.7697395505159496,0.7873995993011519,0.7456183031434297,0.4743884154760031,0.695434856605039,0.6942937612530963,0.8429705965047773,0.7294310691822317,0.5956185297866636,0.6258888346564503,0.6371515688691527,0.5743633635462476,0.5525351294128512,0.7814716443724851,0.5921115155419648,0.816529356042618,0.663586131901533,0.6853326237285821,0.42412449691739285,0.7174777599679719,0.8063411518855805,0.8161010344638867,0.7319075322307352,0.30932463300507756,0.610939760914381,0.5232586315628383,0.8353269629163426,0.5222422230365347,0.8382346168903437,0.762952040915212,0.4545413797756179,0.6198952336885984,0.6552143387098878,0.48830627620298617,0.49226068085717134,0.557577376065322,0.28662503719796767,0.3482806742717743,0.9158455552878759,0.6923912453662765,0.6030164808247478,0.7657265778110979,0.286987821603298,0.801893816897917,0.7603364226003171,0.6299724327939974,0.7257540315293834,0.7730741794883379,0.4218833718767843,0.6983155798133002,0.4217872522514061,0.6361213646886339,0.6424092298120672,0.8421215321035852,0.8269812071696483,0.35254994857365635,0.721825535177725,0.7360483978279059,0.7767776705505862,0.9999999999999997,0.8275260071818166,0.7944221165538269,0.7696462261207844,0.5259995118512518,0.4524506787520183,0.830985826841456
R0MUWSFPU8MPRO8K5P83,0.5017871639291129,0.8196780059378203,0.8268513727923156,0.7787689746063584,0.961775277047527,0.5026499752946846,0.9746226593051143,0.9560187122602517,0.42229230221912123,0.9529879029585133,0.48991338914602284,0.9697053804691407,0.6061067109067088,0.3992945472456909,0.5465976757023614,0.4282837609167855,0.42475679985316117,0.6976322214053079,0.6250549892669931,0.5455794755188142,0.822896655923444,0.5232644570075283,0.6888475048210251,0.6771260876352895,0.6978256856254635,0.5702067471978163,0.69077275635251,0.9597165317570959,0.8349498258334176,0.9714743135600302,0.9327621826975716,0.9608709175247905,0.9427156922359626,0.8578322350269371,0.8575690131405551,0.1786164219538755,0.6214806753152995,0.6144231158620169,0.719082420540372,0.7678652565601692,0.2403306259137604,0.4513284635950062,0.9636938484480587,0.9280123668319579,0.6193254058475364,0.8292625912252423,0.8691067330409448,0.9811861396648605,0.7742618838220372,0.743237639185145,0.7580835656526711,0.8147719102373924,0.7471601799908457,0.4515740672604387,0.734562179970657,0.7353185965757799,0.9445531685562184,0.7647042074739462,0.7571758734354566,0.613263572184406,0.8930688257031417,0.9190520909224054,0.9195803075033868,0.8997221681449536,0.6049553416599119,0.7160747803574522,0.5989553655701422,0.8357660653350772,0.6442234219056546,0.9725058875969336,0.8386439998322455,0.6103487077027546,0.7184194861386155,0.7126774957555665,0.6803949844517607,0.6119496354517777,0.6092692250238534,0.4225018295041484,0.45576162202863946,0.8858870779815935,0.7938803140915258,0.7405627906921962,0.9247862464498688,0.42371441288106915,0.9718960133913462,0.9475535505315108,0.8394297258110264,0.9577788532456903,0.9461401911861197,0.5841599954883648,0.9149198598038478,0.5769072889206421,0.8148583073928765,0.7723856459929335,0.8848331785338313,0.9343150988408073,0.48978088356493743,0.9404262722300257,0.9069327708830213,0.9547706564441102,0.8275260071818166,0.9999999999999999,0.9526706401455854,0.9645358824516993,0.5623298586669057,0.552064178309142,0.9519440606846902
SI5RG2M0WQQLZCXKRM20,0.4775473990256832,0.7917857124121404,0.7909277800343996,0.8482461869146922,0.9304381837294702,0.515717779795935,0.9393587517379496,0.9419213170392455,0.37099911294604543,0.9180017847766552,0.4379621291309561,0.9152814296189619,0.5404018047966024,0.35306506237158625,0.46522897378809985,0.3742844616089681,0.36791832287235227,0.6470785806375058,0.5772698372853258,0.48232479642046755,0.7763590988945444,0.4636090002580041,0.8056655063893661,0.6520631080572664,0.6428850379931885,0.5029721520026551,0.6577394420899639,0.9366357353027325,0.7526008557955901,0.900561123546703,0.9067857933261272,0.9864692871340304,0.885317758994189,0.9275485830126964,0.795114506520016,0.1635186318676551,0.5616870400803947,0.6136401529936079,0.7159803141127712,0.7359593991160924,0.2784236202997292,0.3959443479311635,0.9130080639320278,0.8908289072022146,0.5960945564077144,0.8067708892856014,0.8244965530778526,0.913973975464296,0.8426261936085657,0.8110987754612424,0.8049178903854652,0.7497655017363364,0.8012871790400878,0.5840316248306622,0.6815571452247096,0.711032631149729,0.9866179711627596,0.7953035278770695,0.6910470872768472,0.5694917092673035,0.8029755047535696,0.8484393421377635,0.8623529559510809,0.9091297952444277,0.5613020332594532,0.6755085493727474,0.549882051524003,0.8624605029972947,0.6065953653842934,0.9024745438143637,0.8541573816507498,0.5896541700872835,0.643913606294042,0.7904177235353873,0.6376662821409403,0.5658691915203593,0.6199088888204097,0.36383838507896954,0.4154672875735169,0.7948049263120475,0.784645998264246,0.7253061567403515,0.907718846199756,0.3652504930205338,0.9140137867916256,0.8815164578859649,0.8822026365929138,0.9160109715428556,0.9393311707741109,0.5230896301616758,0.8849309087245157,0.5210266467547852,0.895441781963206,0.7097752708412567,0.832306101770938,0.8624834723585407,0.43677437297932575,0.884506338793428,0.9057523331411907,0.8919253608482332,0.7944221165538269,0.9526706401455854,1.0,0.9491682163228534,0.5506726483856746,0.5544801307617118,0.9091600856496433
TO822O0VT80V06K0FH57,0.5990909216593582,0.8206963081809372,0.893280982670881,0.834808436717814,0.9577596455235025,0.6485504315748102,0.9710380131321639,0.9771703320352496,0.5163162166736511,0.9031758355883893,0.5802024215938836,0.9651876674768728,0.678944545482798,0.38238358243792747,0.581959688983302,0.5195388814901654,0.5152869674976929,0.7650215686542048,0.7100357959742225,0.6307012248416369,0.8575405760146074,0.6129274339140304,0.8036439361035025,0.7488534726435006,0.6516138572881779,0.6480529479065161,0.582550578348968,0.9490854786829926,0.8791497629152542,0.9301959269608567,0.9100225853661953,0.9713285129504756,0.9347931041361617,0.8716219558344187,0.8137581834799869,0.21184722566456324,0.7147596506042107,0.5579309058252674,0.7743169403813118,0.8495263169367608,0.30924902115779845,0.4488406608990365,0.9401233963381082,0.8793238807765282,0.7133530367848255,0.815505794783968,0.9279601183802706,0.96258881791232,0.7447147879421323,0.7773235239035148,0.847849251271046,0.8475438134006522,0.8579239191435174,0.5008580515740774,0.6580502689718908,0.8012098916345027,0.934108834847976,0.7337056448348788,0.8190482018256378,0.7081109180670869,0.8102531586734998,0.867050827891213,0.8765023710292442,0.8461727434252974,0.5665489659575823,0.7804642641095751,0.6816922220699367,0.8620532698819454,0.7393048359768376,0.957775805421798,0.8682469547307499,0.7277835045104641,0.7664160098812388,0.6869102148399372,0.6698212800233236,0.6830715240717159,0.6887156791176758,0.511279773985785,0.5485805411381979,0.8303652540199773,0.8222162754830378,0.7990460921379842,0.9378576873150168,0.5126208664658094,0.9476243120981503,0.9030841244987479,0.8880660874786369,0.9525339662893052,0.8983717786574933,0.6586950435909771,0.9254839756886251,0.6546748672364001,0.8620913802515385,0.8139366773586345,0.7742081896243517,0.8864942902383668,0.577210834326559,0.9358953411645402,0.8920562817961963,0.8918279128512538,0.7696462261207844,0.9645358824516993,0.9491682163228534,0.9999999999999999,0.6656790198983725,0.6518826390715203,0.9712986185314408
TUKDD90GPC79G1KOE162,0.9168229049746984,0.2568820893580672,0.8133516297515284,0.5580020487778861,0.4996359212924579,0.7188269926643234,0.6158018655958608,0.5974749053100652,0.833656813087373,0.40251302557205015,0.8904318677165147,0.5833501210296748,0.8832668275511635,0.09176985029508017,0.7606976334635369,0.8409921789673978,0.8389129446752598,0.8756918480767226,0.8934083872318925,0.8714656665170211,0.8398824137473697,0.866363325395592,0.5906177418886654,0.8567414845671457,0.1390042733902269,0.8715519815099002,0.18286113470778037,0.4527815095324776,0.8300627965542036,0.4666677456901816,0.37614173929211253,0.5879591987169754,0.5160776721967372,0.49358867166316406,0.2694446894676142,0.1660134732603084,0.8639546460780105,0.18838577059120107,0.512179557187512,0.9024870137179062,0.5549996063409905,0.43704197276522944,0.6303285236964669,0.29739456266731074,0.91869049302221,0.28302079617427556,0.8246516268679508,0.6047288376338293,0.4356399232236798,0.5223447848600551,0.8056089463002325,0.7648153855946563,0.6113168571667918,0.5355613022562259,0.44912801178533807,0.898971965958075,0.5494718507649892,0.5970326966628885,0.859088477642302,0.8808977038981922,0.23237171040691942,0.34237412452812016,0.47990369703403585,0.3132546028983889,0.07372196474147512,0.8439483595547206,0.9220847506495978,0.7974374864951834,0.8307599669746997,0.6387562050626172,0.5990214982042081,0.860013145679346,0.8819674879184968,0.59469070775088,0.29322882662813854,0.9028015090087999,0.875082844768435,0.8350290137674132,0.8670538137064061,0.5563716748141115,0.8728821666559327,0.8599134549172446,0.7454950728080403,0.8389259684946089,0.45640622364600125,0.34834770618232186,0.5890930877189565,0.4547810883858841,0.3668652820955383,0.8726892807789436,0.39120699490874666,0.8729510315184522,0.48716946724792776,0.8728559934512389,0.32214907571848334,0.3675977670691417,0.8489397920698237,0.41948932684099915,0.6016416580332642,0.401364305978559,0.5259995118512518,0.5623298586669057,0.5506726483856746,0.6656790198983725,1.0,0.8869204168665455,0.6043035457126471
VDYMYTQGZZ6DU0912C88,0.9695767755847067,0.2997269654743183,0.7927590347996163,0.46987952129943,0.48081897478791596,0.7101004137164355,0.5957219247023384,0.5732618837775691,0.8758172170839235,0.381434117780622,0.9202379713799747,0.5586197976076435,0.909703593321338,0.0837350504981166,0.7140253826104064,0.8866366778251327,0.8873046768824587,0.9467120524742736,0.9388509432923939,0.8908035280198264,0.8626340907122793,0.8985121185237122,0.5351711341545088,0.9119679856213209,0.10620121656674586,0.8919911378684379,0.17110358792507022,0.46909309283029643,0.7855373966252215,0.4365940819915151,0.37220014252090855,0.5660360965576146,0.5074182708879904,0.5280162223805728,0.34296149357894185,0.1803239709933397,0.8715480517582359,0.34968835781342494,0.4402025360694549,0.8398163112641288,0.23483485586328795,0.2591530660998017,0.6181739878994965,0.26581966723358574,0.8878018625529113,0.19891558305756077,0.8350181819681389,0.6055817327604658,0.3553796771504894,0.4382351255566548,0.8856969224384053,0.7983633244237864,0.5279244536230477,0.6762694285232322,0.3412428418635324,0.9432172868633315,0.5032577606640458,0.6124323479385352,0.8187154069310759,0.830522289110611,0.2705332773824428,0.3554964690831776,0.5468377102470658,0.2779853275152882,0.06296777790596064,0.828460042831847,0.9032056189662097,0.8063342537852904,0.8219848381629706,0.6131364851737794,0.5595233941069403,0.8749558197924002,0.9058163779416781,0.49791769117047363,0.3397592871180121,0.9583857639195253,0.9712094081493011,0.8773425927787476,0.9257525618553679,0.46814291033065336,0.8801794479579788,0.8703701882001575,0.7497719118289657,0.8770197993920578,0.47977008231474516,0.37949936989765226,0.5178112111016138,0.41690608441465826,0.3971766194748997,0.916720720896127,0.4154640738434481,0.9135443367202777,0.44248732637445626,0.8860931907768342,0.35180519977446517,0.3732059104950846,0.887158765709283,0.4479964365505746,0.5970893711969301,0.38971353086065563,0.4524506787520183,0.552064178309142,0.5544801307617118,0.6518826390715203,0.8869204168665455,0.9999999999999999,0.5669651827716368
VWMYAEQSTOPNV0SUGU82,0.5132757710751338,0.8066949560675045,0.8520914977987013,0.7773036730498386,0.9423762004577864,0.6016519895239032,0.9640913345220002,0.9517553131348305,0.43579882952356686,0.9176995482289853,0.5145612015517039,0.969338440268828,0.6157963328919812,0.403734110673016,0.586505030685401,0.4386874486614132,0.4342478576744212,0.6947949133049192,0.6359473958670768,0.572100374392806,0.7781560198066345,0.5436345392628018,0.734857061984254,0.6729650556082993,0.7223600119020382,0.5974683432257705,0.608781154198523,0.9471689669222796,0.8674083364235662,0.9396012161670995,0.9128180102840073,0.930007272317089,0.9484430135442334,0.8319085148942069,0.8438422156280561,0.2189619522590358,0.6454279308109429,0.5240069966397171,0.803001585883171,0.8262842062852712,0.2233783744756016,0.6032674052301225,0.9162414964790686,0.8886370551112556,0.6273618770794694,0.8632182662226617,0.8846216908971613,0.9619156174900092,0.6818651523586378,0.7186375159909337,0.7795655529735431,0.7908638713153282,0.8400990754376532,0.4721878052495094,0.6752379068658457,0.7328431474333489,0.893694545364445,0.6597279002714128,0.8069942776146549,0.6224563715399601,0.8154402186283958,0.8740735540898755,0.8610340082062279,0.817367121387288,0.6320682904641195,0.7397452405036697,0.6349118968842854,0.8406019335302928,0.6909400961668472,0.9706139242778657,0.8781318669353335,0.6682238291130681,0.7162711237894952,0.6150529998993853,0.647458397340837,0.6064782332179405,0.6336173592169124,0.4322203536201605,0.47076012690365,0.8761633094170438,0.75244121374657,0.7408552763191661,0.8901464863149338,0.4327167405843061,0.9481399764508035,0.9046729322708204,0.8363375006264124,0.9493348420213277,0.8798611996953238,0.5819975965179616,0.9104671830763996,0.5807673186229603,0.8049818284366569,0.7545898078499539,0.7725612165699463,0.9035967817933511,0.5004906141954435,0.9244647495045364,0.8485988427269182,0.8850057978312966,0.830985826841456,0.9519440606846902,0.9091600856496433,0.9712986185314408,0.6043035457126471,0.5669651827716368,1.0000000000000002
